Project Name,Transacted Price ($),Area (SQFT),Unit Price ($ PSF),Sale Date,Street Name,Type of Sale,Type of Area,Area (SQM),Unit Price ($ PSM),Nett Price($),Property Type,Number of Units,Tenure,Postal District,Market Segment,Floor Level
THE SHAUGHNESSY,"2,328,000","3,283.02",709,Sep-25,MILTONIA CLOSE,Resale,Strata,305,"7,633",-,Terrace House,1,99 yrs lease commencing from 2001,27,Outside Central Region,-
RADIANCE @ BUKIT TIMAH,"3,830,000","4,068.79",941,Sep-25,YUK TONG AVENUE,Resale,Strata,378,"10,132",-,Terrace House,1,Freehold,21,Rest of Central Region,-
BELGRAVIA VILLAS,"3,820,000","3,519.83","1,085",Sep-25,BELGRAVIA DRIVE,Resale,Strata,327,"11,682",-,Terrace House,1,Freehold,28,Outside Central Region,-
ATELIER VILLAS,"3,150,000","3,229.2",975,Aug-25,YIO CHU KANG DRIVE,Resale,Strata,300,"10,500",-,Terrace House,1,Freehold,26,Outside Central Region,-
THE WOODS,"2,685,000","4,004.21",671,Aug-25,WESTWOOD AVENUE,Resale,Strata,372,"7,218",-,Terrace House,1,99 yrs lease commencing from 2010,22,Outside Central Region,-
THE SHAUGHNESSY,"2,725,000","3,649",747,Aug-25,MILTONIA CLOSE,Resale,Strata,339,"8,038",-,Terrace House,1,99 yrs lease commencing from 2001,27,Outside Central Region,-
BINJAI CREST,"3,060,000","3,562.88",859,Aug-25,JALAN KAMPONG CHANTEK,Resale,Strata,331,"9,245",-,Terrace House,1,99 yrs lease commencing from 1996,21,Rest of Central Region,-
THE SHAUGHNESSY,"2,460,000","3,519.83",699,Aug-25,MILTONIA CLOSE,Resale,Strata,327,"7,523",-,Terrace House,1,99 yrs lease commencing from 2001,27,Outside Central Region,-
ESTE VILLA,"3,568,888","3,422.95","1,043",Aug-25,NIM ROAD,Resale,Strata,318,"11,223",-,Terrace House,1,Freehold,28,Outside Central Region,-
BINJAI CREST,"3,010,000","3,778.16",797,Aug-25,JALAN KAMPONG CHANTEK,Resale,Strata,351,"8,575",-,Terrace House,1,99 yrs lease commencing from 1996,21,Rest of Central Region,-
WOODHAVEN,"3,028,000","3,358.37",902,Aug-25,WOODGROVE AVENUE,Resale,Strata,312,"9,705",-,Terrace House,1,99 yrs lease commencing from 2011,25,Outside Central Region,-
BINJAI CREST,"3,100,000","3,778.16",821,Aug-25,JALAN KAMPONG CHANTEK,Resale,Strata,351,"8,832",-,Terrace House,1,99 yrs lease commencing from 1996,21,Rest of Central Region,-
BELGRAVIA VILLAS,"3,820,000","3,584.41","1,066",Jul-25,BELGRAVIA DRIVE,Resale,Strata,333,"11,471",-,Terrace House,1,Freehold,28,Outside Central Region,-
DALLA VALE,"3,120,000","3,261.49",957,Jul-25,SPRINGLEAF AVENUE,Resale,Strata,303,"10,297",-,Semi-Detached House,1,Freehold,26,Outside Central Region,-
ESTE VILLA,"3,730,000","3,799.69",982,Jul-25,NIM ROAD,Resale,Strata,353,"10,567",-,Terrace House,1,Freehold,28,Outside Central Region,-
SPRINGHILL,"2,300,000","3,013.92",763,Jul-25,SEMBAWANG WALK,Resale,Strata,280,"8,214",-,Terrace House,1,99 yrs lease commencing from 2002,27,Outside Central Region,01 to 05
MONT TIMAH,"4,038,000","4,628.52",872,Jul-25,BUKIT WAY,Resale,Strata,430,"9,391",-,Terrace House,1,99 yrs lease commencing from 2004,21,Outside Central Region,-
DALLA VALE,"3,300,000","3,261.49","1,012",Jul-25,SPRINGLEAF AVENUE,Resale,Strata,303,"10,891",-,Semi-Detached House,1,Freehold,26,Outside Central Region,-
BELGRAVIA VILLAS,"3,770,000","3,584.41","1,052",Jul-25,BELGRAVIA DRIVE,Resale,Strata,333,"11,321",-,Terrace House,1,Freehold,28,Outside Central Region,-
THE WOODS,"2,550,000","4,004.21",637,Jul-25,WESTWOOD AVENUE,Resale,Strata,372,"6,855",-,Terrace House,1,99 yrs lease commencing from 2010,22,Outside Central Region,-
D' KENARIS,"3,118,888","3,692.05",845,Jul-25,JALAN KENARAH,Resale,Strata,343,"9,093",-,Semi-Detached House,1,999 yrs lease commencing from 1879,28,Outside Central Region,-
CABANA,"2,930,000","3,164.62",926,Jun-25,SUNRISE TERRACE,Resale,Strata,294,"9,966",-,Terrace House,1,103 yrs lease commencing from 2009,28,Outside Central Region,-
CABANA,"2,880,000","3,067.74",939,Jun-25,SUNRISE TERRACE,Resale,Strata,285,"10,105",-,Terrace House,1,103 yrs lease commencing from 2009,28,Outside Central Region,-
8 @ STRATTON,"3,538,000","5,145.19",688,Jun-25,STRATTON GREEN,Resale,Strata,478,"7,402",-,Semi-Detached House,1,Freehold,28,Outside Central Region,-
BINJAI CREST,"3,050,000","3,778.16",807,Jun-25,JALAN KAMPONG CHANTEK,Resale,Strata,351,"8,689",-,Terrace House,1,99 yrs lease commencing from 1996,21,Rest of Central Region,-
BINJAI CREST,"2,943,800","3,778.16",779,Jun-25,JALAN KAMPONG CHANTEK,Resale,Strata,351,"8,387",-,Terrace House,1,99 yrs lease commencing from 1996,21,Rest of Central Region,-
SPRINGLEAF VILLAS,"3,388,000","3,519.83",963,Jun-25,SPRINGLEAF CRESCENT,Resale,Strata,327,"10,361",-,Semi-Detached House,1,Freehold,26,Outside Central Region,-
WATERCOVE,"3,400,000","3,422.95",993,Jun-25,WAK HASSAN DRIVE,Resale,Strata,318,"10,692",-,Terrace House,1,Freehold,27,Outside Central Region,-
ESTE VILLA,"3,720,000","3,799.69",979,Jun-25,NIM ROAD,Resale,Strata,353,"10,538",-,Terrace House,1,Freehold,28,Outside Central Region,-
DALLA VALE,"3,340,000","3,229.2","1,034",Jun-25,SPRINGLEAF AVENUE,Resale,Strata,300,"11,133",-,Semi-Detached House,1,Freehold,26,Outside Central Region,-
THE SHAUGHNESSY,"2,300,800","3,283.02",701,Jun-25,MILTONIA CLOSE,Resale,Strata,305,"7,544",-,Terrace House,1,99 yrs lease commencing from 2001,27,Outside Central Region,-
ESTE VILLA,"3,500,000","3,358.37","1,042",May-25,NIM ROAD,Resale,Strata,312,"11,218",-,Terrace House,1,Freehold,28,Outside Central Region,-
ESTE VILLA,"3,688,000","3,810.46",968,May-25,NIM ROAD,Resale,Strata,354,"10,418",-,Terrace House,1,Freehold,28,Outside Central Region,-
ALANA,"3,200,000","3,132.32","1,022",May-25,SUNRISE TERRACE,Resale,Strata,291,"10,997",-,Terrace House,1,103 yrs lease commencing from 2013,28,Outside Central Region,-
THE SHAUGHNESSY,"2,400,000","3,304.55",726,May-25,MILTONIA CLOSE,Resale,Strata,307,"7,818",-,Terrace House,1,99 yrs lease commencing from 2001,27,Outside Central Region,-
BELGRAVIA VILLAS,"3,700,000","3,649","1,014",May-25,BELGRAVIA DRIVE,Resale,Strata,339,"10,914",-,Terrace House,1,Freehold,28,Outside Central Region,-
CABANA,"2,817,777","2,917.04",966,May-25,SUNRISE TERRACE,Resale,Strata,271,"10,398",-,Terrace House,1,103 yrs lease commencing from 2009,28,Outside Central Region,-
BELGRAVIA GREEN,"3,600,000","3,293.78","1,093",Apr-25,BELGRAVIA DRIVE,Resale,Strata,306,"11,765",-,Terrace House,1,Freehold,28,Outside Central Region,-
ESTE VILLA,"3,450,000","3,422.95","1,008",Apr-25,NIM ROAD,Resale,Strata,318,"10,849",-,Terrace House,1,Freehold,28,Outside Central Region,-
BINJAI CREST,"3,350,000","4,133.38",810,Apr-25,JALAN KAMPONG CHANTEK,Resale,Strata,384,"8,724",-,Terrace House,1,99 yrs lease commencing from 1996,21,Rest of Central Region,-
THE SHAUGHNESSY,"2,400,000","3,304.55",726,Apr-25,MILTONIA CLOSE,Resale,Strata,307,"7,818",-,Terrace House,1,99 yrs lease commencing from 2001,27,Outside Central Region,-
BINJAI CREST,"3,000,000","3,778.16",794,Apr-25,JALAN KAMPONG CHANTEK,Resale,Strata,351,"8,547",-,Terrace House,1,99 yrs lease commencing from 1996,21,Rest of Central Region,-
POETS VILLAS,"2,900,000","3,476.77",834,Mar-25,TAGORE AVENUE,Resale,Strata,323,"8,978",-,Semi-Detached House,1,99 yrs lease commencing from 2010,26,Outside Central Region,-
BELGRAVIA VILLAS,"3,715,000","3,584.41","1,036",Mar-25,BELGRAVIA DRIVE,Resale,Strata,333,"11,156",-,Terrace House,1,Freehold,28,Outside Central Region,-
ALANA,"2,700,000","2,755.58",980,Mar-25,SUNRISE TERRACE,Resale,Strata,256,"10,547",-,Terrace House,1,103 yrs lease commencing from 2013,28,Outside Central Region,-
THE SHAUGHNESSY,"2,668,888","3,993.44",668,Mar-25,MILTONIA CLOSE,Resale,Strata,371,"7,194",-,Terrace House,1,99 yrs lease commencing from 2001,27,Outside Central Region,-
ALANA,"3,180,000","3,100.03","1,026",Mar-25,SUNRISE TERRACE,Resale,Strata,288,"11,042",-,Terrace House,1,103 yrs lease commencing from 2013,28,Outside Central Region,-
SPRINGHILL,"2,325,000","2,906.28",800,Mar-25,SEMBAWANG WALK,Resale,Strata,270,"8,611",-,Terrace House,1,99 yrs lease commencing from 2002,27,Outside Central Region,01 to 05
THE SHAUGHNESSY,"2,430,000","3,283.02",740,Mar-25,MILTONIA CLOSE,Resale,Strata,305,"7,967",-,Terrace House,1,99 yrs lease commencing from 2001,27,Outside Central Region,-
ESTE VILLA,"3,380,000","3,358.37","1,006",Mar-25,NIM ROAD,Resale,Strata,312,"10,833",-,Terrace House,1,Freehold,28,Outside Central Region,-
ESTE VILLA,"3,300,000","3,401.42",970,Mar-25,NIM ROAD,Resale,Strata,316,"10,443",-,Terrace House,1,Freehold,28,Outside Central Region,-
THE WOODS,"2,650,000","4,004.21",662,Mar-25,WESTWOOD AVENUE,Resale,Strata,372,"7,124",-,Terrace House,1,99 yrs lease commencing from 2010,22,Outside Central Region,-
SUMMER VILLAS,"3,128,000","3,530.59",886,Feb-25,GERALD DRIVE,Resale,Strata,328,"9,537",-,Terrace House,1,Freehold,28,Outside Central Region,01 to 05
THE GARDENS AT GERALD,"3,450,000","3,336.84","1,034",Feb-25,GERALD DRIVE,Resale,Strata,310,"11,129",-,Terrace House,1,999 yrs lease commencing from 1879,28,Outside Central Region,-
SPRINGHILL,"2,250,000","2,766.35",813,Feb-25,SEMBAWANG WALK,Resale,Strata,257,"8,755",-,Terrace House,1,99 yrs lease commencing from 2002,27,Outside Central Region,01 to 05
ESTE VILLA,"3,400,000","3,422.95",993,Feb-25,NIM ROAD,Resale,Strata,318,"10,692",-,Terrace House,1,Freehold,28,Outside Central Region,-
THE WOODS,"2,508,000","4,014.97",625,Feb-25,WESTWOOD AVENUE,Resale,Strata,373,"6,724",-,Terrace House,1,99 yrs lease commencing from 2010,22,Outside Central Region,-
ESTE VILLA,"3,360,000","3,369.13",997,Feb-25,NIM ROAD,Resale,Strata,313,"10,735",-,Terrace House,1,Freehold,28,Outside Central Region,-
SPRINGHILL,"2,350,000","2,906.28",809,Feb-25,SEMBAWANG WALK,Resale,Strata,270,"8,704",-,Terrace House,1,99 yrs lease commencing from 2002,27,Outside Central Region,01 to 05
ESTE VILLA,"3,500,000","3,412.19","1,026",Jan-25,NIM ROAD,Resale,Strata,317,"11,041",-,Terrace House,1,Freehold,28,Outside Central Region,-
ESTE VILLA,"3,620,000","3,799.69",953,Jan-25,NIM ROAD,Resale,Strata,353,"10,255",-,Terrace House,1,Freehold,28,Outside Central Region,-
TRANQUILIA @ KISMIS,"4,500,000","4,456.3","1,010",Jan-25,ENG KONG ROAD,Resale,Strata,414,"10,870",-,Terrace House,1,Freehold,21,Rest of Central Region,-
SUNCOTTAGES,"3,480,000","3,272.26","1,063",Jan-25,CASHEW CRESCENT,Resale,Strata,304,"11,447",-,Terrace House,1,999 yrs lease commencing from 1883,23,Outside Central Region,-
WATERCOVE,"3,388,000","3,466.01",977,Dec-24,WAK HASSAN DRIVE,Resale,Strata,322,"10,522",-,Terrace House,1,Freehold,27,Outside Central Region,-
CABANA,"2,670,000","2,938.57",909,Dec-24,SUNRISE TERRACE,Resale,Strata,273,"9,780",-,Terrace House,1,103 yrs lease commencing from 2009,28,Outside Central Region,-
BELGRAVIA VILLAS,"3,760,000","3,584.41","1,049",Dec-24,BELGRAVIA DRIVE,Resale,Strata,333,"11,291",-,Terrace House,1,Freehold,28,Outside Central Region,-
MIMOSA PARK,"2,990,000","3,046.21",982,Dec-24,MIMOSA CRESCENT,Resale,Strata,283,"10,565",-,Terrace House,1,Freehold,28,Outside Central Region,-
BELGRAVIA VILLAS,"3,750,000","3,584.41","1,046",Dec-24,BELGRAVIA DRIVE,Resale,Strata,333,"11,261",-,Terrace House,1,Freehold,28,Outside Central Region,-
WOODHAVEN,"2,930,000","3,358.37",872,Dec-24,WOODGROVE AVENUE,Resale,Strata,312,"9,391",-,Terrace House,1,99 yrs lease commencing from 2011,25,Outside Central Region,-
BELGRAVIA VILLAS,"3,680,000","3,584.41","1,027",Nov-24,BELGRAVIA DRIVE,Resale,Strata,333,"11,051",-,Terrace House,1,Freehold,28,Outside Central Region,-
ALANA,"2,680,000","2,755.58",973,Nov-24,SUNRISE TERRACE,Resale,Strata,256,"10,469",-,Terrace House,1,103 yrs lease commencing from 2013,28,Outside Central Region,-
HIGH PARK RESIDENCES,"2,820,000","2,314.26","1,219",Nov-24,FERNVALE ROAD,Resale,Strata,215,"13,116",-,Semi-Detached House,1,99 yrs lease commencing from 2014,28,Outside Central Region,-
WOODHAVEN,"2,830,000","3,358.37",843,Nov-24,WOODGROVE AVENUE,Resale,Strata,312,"9,071",-,Terrace House,1,99 yrs lease commencing from 2011,25,Outside Central Region,-
DALLA VALE,"3,080,000","3,218.44",957,Nov-24,SPRINGLEAF AVENUE,Resale,Strata,299,"10,301",-,Semi-Detached House,1,Freehold,26,Outside Central Region,-
MIMOSA PARK,"3,400,000","3,046.21","1,116",Nov-24,MIMOSA CRESCENT,Resale,Strata,283,"12,014",-,Terrace House,1,Freehold,28,Outside Central Region,-
POETS VILLAS,"3,110,000","3,649",852,Nov-24,TAGORE AVENUE,Resale,Strata,339,"9,174",-,Semi-Detached House,1,99 yrs lease commencing from 2010,26,Outside Central Region,-
SPRINGHILL,"2,298,000","3,013.92",762,Oct-24,SEMBAWANG WALK,Resale,Strata,280,"8,207",-,Terrace House,1,99 yrs lease commencing from 2002,27,Outside Central Region,01 to 05
SPRINGHILL,"2,300,000","3,013.92",763,Oct-24,SEMBAWANG WALK,Resale,Strata,280,"8,214",-,Terrace House,1,99 yrs lease commencing from 2002,27,Outside Central Region,01 to 05
BINJAI CREST,"2,975,000","3,778.16",787,Oct-24,JALAN KAMPONG CHANTEK,Resale,Strata,351,"8,476",-,Terrace House,1,99 yrs lease commencing from 1996,21,Rest of Central Region,-
BINJAI CREST,"2,700,000","3,035.45",889,Oct-24,JALAN KAMPONG CHANTEK,Resale,Strata,282,"9,574",-,Terrace House,1,99 yrs lease commencing from 1996,21,Rest of Central Region,-
THE HILLOFT,"3,600,000","4,919.15",732,Oct-24,JALAN DERMAWAN,Resale,Strata,457,"7,877",-,Semi-Detached House,1,999 yrs lease commencing from 1885,23,Outside Central Region,-
THE WOODS,"2,450,000","4,004.21",612,Oct-24,WESTWOOD AVENUE,Resale,Strata,372,"6,586",-,Terrace House,1,99 yrs lease commencing from 2010,22,Outside Central Region,-
WOODHAVEN,"2,902,000","3,358.37",864,Oct-24,WOODGROVE AVENUE,Resale,Strata,312,"9,301",-,Terrace House,1,99 yrs lease commencing from 2011,25,Outside Central Region,-
ESTE VILLA,"3,300,000","3,358.37",983,Oct-24,NIM ROAD,Resale,Strata,312,"10,577",-,Terrace House,1,Freehold,28,Outside Central Region,-
LANDED HOUSING DEVELOPMENT,"3,016,800","2,970.86","1,015",Oct-24,KISMIS PLACE,Resale,Strata,276,"10,930",-,Terrace House,1,99 yrs lease commencing from 1993,21,Rest of Central Region,-
MONT TIMAH,"4,068,000","4,693.1",867,Oct-24,BUKIT WAY,Resale,Strata,436,"9,330",-,Terrace House,1,99 yrs lease commencing from 2004,21,Outside Central Region,-
BELGRAVIA VILLAS,"3,750,000","3,584.41","1,046",Sep-24,BELGRAVIA DRIVE,Resale,Strata,333,"11,261",-,Terrace House,1,Freehold,28,Outside Central Region,-
BELGRAVIA VILLAS,"3,890,000","3,767.4","1,033",Sep-24,BELGRAVIA DRIVE,Resale,Strata,350,"11,114",-,Terrace House,1,Freehold,28,Outside Central Region,-
SPRINGHILL,"2,250,000","2,895.52",777,Sep-24,SEMBAWANG WALK,Resale,Strata,269,"8,364",-,Terrace House,1,99 yrs lease commencing from 2002,27,Outside Central Region,01 to 05
SPRINGHILL,"2,188,000","2,981.63",734,Sep-24,SEMBAWANG WALK,Resale,Strata,277,"7,899",-,Terrace House,1,99 yrs lease commencing from 2002,27,Outside Central Region,01 to 05
ALANA,"2,940,640","2,755.58","1,067",Sep-24,SUNRISE TERRACE,Resale,Strata,256,"11,487",-,Terrace House,1,103 yrs lease commencing from 2013,28,Outside Central Region,-
THE SHAUGHNESSY,"2,468,888","3,283.02",752,Sep-24,MILTONIA CLOSE,Resale,Strata,305,"8,095",-,Terrace House,1,99 yrs lease commencing from 2001,27,Outside Central Region,-
CABANA,"2,808,000","2,917.04",963,Sep-24,SUNRISE TERRACE,Resale,Strata,271,"10,362",-,Terrace House,1,103 yrs lease commencing from 2009,28,Outside Central Region,-
SPRINGHILL,"2,350,000","2,906.28",809,Sep-24,SEMBAWANG WALK,Resale,Strata,270,"8,704",-,Terrace House,1,99 yrs lease commencing from 2002,27,Outside Central Region,01 to 05
MIMOSA PARK,"3,000,000","2,906.28","1,032",Aug-24,MIMOSA ROAD,Resale,Strata,270,"11,111",-,Terrace House,1,Freehold,28,Outside Central Region,-
SPRINGHILL,"2,275,000","3,013.92",755,Aug-24,SEMBAWANG WALK,Resale,Strata,280,"8,125",-,Terrace House,1,99 yrs lease commencing from 2002,27,Outside Central Region,01 to 05
CABANA,"2,690,000","2,917.04",922,Aug-24,SUNRISE TERRACE,Resale,Strata,271,"9,926",-,Terrace House,1,103 yrs lease commencing from 2009,28,Outside Central Region,-
ATELIER VILLAS,"3,280,000","3,239.96","1,012",Aug-24,YIO CHU KANG DRIVE,Resale,Strata,301,"10,897",-,Terrace House,1,Freehold,26,Outside Central Region,-
ESTE VILLA,"3,280,000","3,412.19",961,Aug-24,NIM ROAD,Resale,Strata,317,"10,347",-,Terrace House,1,Freehold,28,Outside Central Region,-
ESTE VILLA,"3,350,000","3,422.95",979,Aug-24,NIM ROAD,Resale,Strata,318,"10,535",-,Terrace House,1,Freehold,28,Outside Central Region,-
POETS VILLAS,"3,000,888","3,649",822,Aug-24,TAGORE AVENUE,Resale,Strata,339,"8,852",-,Semi-Detached House,1,99 yrs lease commencing from 2010,26,Outside Central Region,-
SUMMER VILLAS,"3,219,888","3,702.82",870,Jul-24,GERALD DRIVE,Resale,Strata,344,"9,360",-,Terrace House,1,Freehold,28,Outside Central Region,01 to 05
POETS VILLAS,"3,060,000","3,649",839,Jul-24,TAGORE AVENUE,Resale,Strata,339,"9,027",-,Semi-Detached House,1,99 yrs lease commencing from 2010,26,Outside Central Region,-
THE WOODS,"2,388,000","4,004.21",596,Jul-24,WESTWOOD AVENUE,Resale,Strata,372,"6,419",-,Terrace House,1,99 yrs lease commencing from 2010,22,Outside Central Region,-
BELGRAVIA VILLAS,"3,730,000","3,584.41","1,041",Jul-24,BELGRAVIA DRIVE,Resale,Strata,333,"11,201",-,Terrace House,1,Freehold,28,Outside Central Region,-
BELGRAVIA GREEN,"4,128,000","3,638.23","1,135",Jul-24,BELGRAVIA DRIVE,Resale,Strata,338,"12,213",-,Terrace House,1,Freehold,28,Outside Central Region,-
MONT TIMAH,"3,750,000","4,413.24",850,Jul-24,BUKIT WAY,Resale,Strata,410,"9,146",-,Terrace House,1,99 yrs lease commencing from 2004,21,Outside Central Region,-
SPRINGHILL,"2,330,000","2,906.28",802,Jul-24,SEMBAWANG WALK,Resale,Strata,270,"8,630",-,Terrace House,1,99 yrs lease commencing from 2002,27,Outside Central Region,01 to 05
D' KENARIS,"2,888,888","3,293.78",877,Jun-24,JALAN KENARAH,Resale,Strata,306,"9,441",-,Semi-Detached House,1,999 yrs lease commencing from 1879,28,Outside Central Region,-
MONT TIMAH,"3,800,000","4,413.24",861,Jun-24,BUKIT WAY,Resale,Strata,410,"9,268",-,Terrace House,1,99 yrs lease commencing from 2004,21,Outside Central Region,-
BINJAI CREST,"2,780,000","3,369.13",825,Jun-24,JALAN KAMPONG CHANTEK,Resale,Strata,313,"8,882",-,Terrace House,1,99 yrs lease commencing from 1996,21,Rest of Central Region,-
CABANA,"2,955,000","2,917.04","1,013",Jun-24,SUNRISE TERRACE,Resale,Strata,271,"10,904",-,Terrace House,1,103 yrs lease commencing from 2009,28,Outside Central Region,-
SPRINGHILL,"2,208,000","2,734.06",808,Jun-24,SEMBAWANG WALK,Resale,Strata,254,"8,693",-,Terrace House,1,99 yrs lease commencing from 2002,27,Outside Central Region,01 to 05
LANDED HOUSING DEVELOPMENT,"2,228,000","1,819.12","1,225",Jun-24,KISMIS PLACE,Resale,Strata,169,"13,183",-,Terrace House,1,99 yrs lease commencing from 1993,21,Rest of Central Region,-
THE SHAUGHNESSY,"2,450,000","3,304.55",741,May-24,MILTONIA CLOSE,Resale,Strata,307,"7,980",-,Terrace House,1,99 yrs lease commencing from 2001,27,Outside Central Region,-
BELGRAVIA VILLAS,"3,638,000","3,584.41","1,015",May-24,BELGRAVIA DRIVE,Resale,Strata,333,"10,925",-,Terrace House,1,Freehold,28,Outside Central Region,-
THE GARDENS AT GERALD,"3,268,000","3,724.34",877,May-24,GERALD DRIVE,Resale,Strata,346,"9,445",-,Terrace House,1,999 yrs lease commencing from 1879,28,Outside Central Region,-
SPRINGHILL,"2,320,000","3,132.32",741,May-24,SEMBAWANG WALK,Resale,Strata,291,"7,973",-,Terrace House,1,99 yrs lease commencing from 2002,27,Outside Central Region,01 to 05
BELGRAVIA GREEN,"3,950,000","3,422.95","1,154",May-24,BELGRAVIA DRIVE,Resale,Strata,318,"12,421",-,Terrace House,1,Freehold,28,Outside Central Region,-
WATERCOVE,"3,586,000","3,466.01","1,035",Apr-24,WAK HASSAN DRIVE,Resale,Strata,322,"11,137",-,Terrace House,1,Freehold,27,Outside Central Region,-
SPRINGHILL,"2,250,000","3,089.27",728,Apr-24,SEMBAWANG WALK,Resale,Strata,287,"7,840",-,Terrace House,1,99 yrs lease commencing from 2002,27,Outside Central Region,01 to 05
THE SHAUGHNESSY,"2,450,000","3,412.19",718,Mar-24,MILTONIA CLOSE,Resale,Strata,317,"7,729",-,Terrace House,1,99 yrs lease commencing from 2001,27,Outside Central Region,-
ESTE VILLA,"3,178,888","3,326.08",956,Mar-24,NIM ROAD,Resale,Strata,309,"10,288",-,Terrace House,1,Freehold,28,Outside Central Region,-
BELGRAVIA VILLAS,"3,515,000","3,584.41",981,Mar-24,BELGRAVIA DRIVE,Resale,Strata,333,"10,556",-,Terrace House,1,Freehold,28,Outside Central Region,-
CABANA,"2,880,000","2,917.04",987,Mar-24,SUNRISE TERRACE,Resale,Strata,271,"10,627",-,Terrace House,1,103 yrs lease commencing from 2009,28,Outside Central Region,-
BELGRAVIA GREEN,"3,600,000","3,132.32","1,149",Mar-24,BELGRAVIA DRIVE,Resale,Strata,291,"12,371",-,Terrace House,1,Freehold,28,Outside Central Region,-
BELGRAVIA VILLAS,"3,750,000","3,584.41","1,046",Mar-24,BELGRAVIA DRIVE,Resale,Strata,333,"11,261",-,Terrace House,1,Freehold,28,Outside Central Region,-
SPRINGHILL,"2,100,000","2,744.82",765,Mar-24,SEMBAWANG WALK,Resale,Strata,255,"8,235",-,Terrace House,1,99 yrs lease commencing from 2002,27,Outside Central Region,01 to 05
THE WOODS,"2,500,000","4,262.54",587,Mar-24,WESTWOOD AVENUE,Resale,Strata,396,"6,313",-,Terrace House,1,99 yrs lease commencing from 2010,22,Outside Central Region,-
ATELIER VILLAS,"2,980,000","3,186.14",935,Mar-24,YIO CHU KANG DRIVE,Resale,Strata,296,"10,068",-,Terrace House,1,Freehold,26,Outside Central Region,-
BELGRAVIA ACE,"4,750,000","4,058.03","1,171",Feb-24,BELGRAVIA DRIVE,Sub Sale,Strata,377,"12,599",-,Semi-Detached House,1,Freehold,28,Outside Central Region,-
BELGRAVIA VILLAS,"3,480,000","3,584.41",971,Feb-24,BELGRAVIA DRIVE,Resale,Strata,333,"10,450",-,Terrace House,1,Freehold,28,Outside Central Region,-
THE SHAUGHNESSY,"2,488,888","3,304.55",753,Feb-24,MILTONIA CLOSE,Resale,Strata,307,"8,107",-,Terrace House,1,99 yrs lease commencing from 2001,27,Outside Central Region,-
THE WOODS,"2,300,000","4,004.21",574,Feb-24,WESTWOOD AVENUE,Resale,Strata,372,"6,183",-,Terrace House,1,99 yrs lease commencing from 2010,22,Outside Central Region,-
DALLA VALE,"3,180,000","3,261.49",975,Feb-24,SPRINGLEAF AVENUE,Resale,Strata,303,"10,495",-,Semi-Detached House,1,Freehold,26,Outside Central Region,-
BELGRAVIA VILLAS,"3,700,000","3,584.41","1,032",Feb-24,BELGRAVIA DRIVE,Resale,Strata,333,"11,111",-,Terrace House,1,Freehold,28,Outside Central Region,-
RIVERTREES RESIDENCES,"2,100,000","1,528.49","1,374",Feb-24,FERNVALE CLOSE,Resale,Strata,142,"14,789",-,Terrace House,1,99 yrs lease commencing from 2013,28,Outside Central Region,-
THE SHAUGHNESSY,"2,450,000","3,681.29",666,Feb-24,MILTONIA CLOSE,Resale,Strata,342,"7,164",-,Terrace House,1,99 yrs lease commencing from 2001,27,Outside Central Region,-
THE SHAUGHNESSY,"2,300,000","3,304.55",696,Feb-24,MILTONIA CLOSE,Resale,Strata,307,"7,492",-,Terrace House,1,99 yrs lease commencing from 2001,27,Outside Central Region,-
TRANQUILIA @ KISMIS,"4,380,000","5,597.28",783,Feb-24,ENG KONG ROAD,Resale,Strata,520,"8,423",-,Terrace House,1,Freehold,21,Rest of Central Region,-
THE SHAUGHNESSY,"2,350,000","3,422.95",687,Jan-24,MILTONIA CLOSE,Resale,Strata,318,"7,390",-,Terrace House,1,99 yrs lease commencing from 2001,27,Outside Central Region,-
ESTE VILLA,"3,250,000","3,412.19",952,Jan-24,NIM ROAD,Resale,Strata,317,"10,252",-,Terrace House,1,Freehold,28,Outside Central Region,-
HIGH PARK RESIDENCES,"2,650,000","2,066.69","1,282",Jan-24,FERNVALE ROAD,Resale,Strata,192,"13,802",-,Semi-Detached House,1,99 yrs lease commencing from 2014,28,Outside Central Region,-
BELGRAVIA VILLAS,"3,518,000","3,584.41",981,Jan-24,BELGRAVIA DRIVE,Resale,Strata,333,"10,565",-,Terrace House,1,Freehold,28,Outside Central Region,-
SUMMER VILLAS,"2,960,000","3,530.59",838,Jan-24,GERALD DRIVE,Resale,Strata,328,"9,024",-,Terrace House,1,Freehold,28,Outside Central Region,01 to 05
CABANA,"2,750,000","3,067.74",896,Jan-24,SUNRISE TERRACE,Resale,Strata,285,"9,649",-,Terrace House,1,103 yrs lease commencing from 2009,28,Outside Central Region,-
DALLA VALE,"3,000,000","3,283.02",914,Dec-23,SPRINGLEAF AVENUE,Resale,Strata,305,"9,836",-,Semi-Detached House,1,Freehold,26,Outside Central Region,-
LANDED HOUSING DEVELOPMENT,"2,200,000","1,819.12","1,209",Dec-23,KISMIS PLACE,Resale,Strata,169,"13,018",-,Terrace House,1,99 yrs lease commencing from 1993,21,Rest of Central Region,-
THE WOODS,"2,360,000","4,262.54",554,Dec-23,WESTWOOD AVENUE,Resale,Strata,396,"5,960",-,Terrace House,1,99 yrs lease commencing from 2010,22,Outside Central Region,-
BELGRAVIA VILLAS,"3,900,000","3,961.15",985,Dec-23,BELGRAVIA DRIVE,Resale,Strata,368,"10,598",-,Semi-Detached House,1,Freehold,28,Outside Central Region,-
BELGRAVIA VILLAS,"3,750,000","3,767.4",995,Dec-23,BELGRAVIA DRIVE,Resale,Strata,350,"10,714",-,Terrace House,1,Freehold,28,Outside Central Region,-
DALLA VALE,"3,000,000","3,100.03",968,Dec-23,SPRINGLEAF AVENUE,Resale,Strata,288,"10,417",-,Semi-Detached House,1,Freehold,26,Outside Central Region,-
BELGRAVIA GREEN,"3,880,000","3,422.95","1,134",Dec-23,BELGRAVIA DRIVE,Resale,Strata,318,"12,201",-,Terrace House,1,Freehold,28,Outside Central Region,-
DALLA VALE,"3,000,000","3,261.49",920,Dec-23,SPRINGLEAF AVENUE,Resale,Strata,303,"9,901",-,Semi-Detached House,1,Freehold,26,Outside Central Region,-
MONT TIMAH,"3,980,000","4,563.94",872,Nov-23,BUKIT WAY,Resale,Strata,424,"9,387",-,Terrace House,1,99 yrs lease commencing from 2004,21,Outside Central Region,-
BINJAI CREST,"2,670,000","3,035.45",880,Oct-23,JALAN KAMPONG CHANTEK,Resale,Strata,282,"9,468",-,Terrace House,1,99 yrs lease commencing from 1996,21,Rest of Central Region,-
THE SHAUGHNESSY,"2,188,800","3,283.02",667,Oct-23,MILTONIA CLOSE,Resale,Strata,305,"7,176",-,Terrace House,1,99 yrs lease commencing from 2001,27,Outside Central Region,-
THE HILLOFT,"3,680,000","6,770.56",544,Oct-23,JALAN DERMAWAN,Resale,Strata,629,"5,851",-,Detached House,1,999 yrs lease commencing from 1885,23,Outside Central Region,-
WATERCOVE,"4,228,888","3,347.6","1,263",Sep-23,WAK HASSAN DRIVE,Resale,Strata,311,"13,598",-,Terrace House,1,Freehold,27,Outside Central Region,-
BINJAI CREST,"2,930,000","3,778.16",776,Sep-23,JALAN KAMPONG CHANTEK,Resale,Strata,351,"8,348",-,Terrace House,1,99 yrs lease commencing from 1996,21,Rest of Central Region,-
ALANA,"2,650,000","2,766.35",958,Sep-23,SUNRISE TERRACE,Resale,Strata,257,"10,311",-,Terrace House,1,103 yrs lease commencing from 2013,28,Outside Central Region,-
SPRINGHILL,"2,250,000","3,121.56",721,Sep-23,SEMBAWANG WALK,Resale,Strata,290,"7,759",-,Terrace House,1,99 yrs lease commencing from 2002,27,Outside Central Region,01 to 05
BELGRAVIA VILLAS,"3,880,000","3,961.15",980,Aug-23,BELGRAVIA DRIVE,Resale,Strata,368,"10,543",-,Semi-Detached House,1,Freehold,28,Outside Central Region,-
ALANA,"3,546,568","3,218.44","1,102",Aug-23,SUNRISE TERRACE,Resale,Strata,299,"11,861",-,Terrace House,1,103 yrs lease commencing from 2013,28,Outside Central Region,-
THE HILLOFT,"3,030,000","4,919.15",616,Aug-23,JALAN DERMAWAN,Resale,Strata,457,"6,630",-,Semi-Detached House,1,999 yrs lease commencing from 1885,23,Outside Central Region,-
THE GARDENS AT GERALD,"3,100,000","3,573.65",867,Aug-23,GERALD DRIVE,Resale,Strata,332,"9,337",-,Terrace House,1,999 yrs lease commencing from 1879,28,Outside Central Region,-
THE WOODS,"2,200,000","4,014.97",548,Aug-23,WESTWOOD AVENUE,Resale,Strata,373,"5,898",-,Terrace House,1,99 yrs lease commencing from 2010,22,Outside Central Region,-
THE SHAUGHNESSY,"2,500,000","3,928.86",636,Aug-23,MILTONIA CLOSE,Resale,Strata,365,"6,849",-,Terrace House,1,99 yrs lease commencing from 2001,27,Outside Central Region,-
ATELIER VILLAS,"2,880,000","3,067.74",939,Aug-23,YIO CHU KANG DRIVE,Resale,Strata,285,"10,105",-,Terrace House,1,Freehold,26,Outside Central Region,-
BELGRAVIA VILLAS,"3,888,000","3,961.15",982,Aug-23,BELGRAVIA DRIVE,Resale,Strata,368,"10,565",-,Semi-Detached House,1,Freehold,28,Outside Central Region,-
BELGRAVIA VILLAS,"3,460,000","3,584.41",965,Jul-23,BELGRAVIA DRIVE,Resale,Strata,333,"10,390",-,Terrace House,1,Freehold,28,Outside Central Region,-
BELGRAVIA VILLAS,"3,749,000","3,584.41","1,046",Jul-23,BELGRAVIA DRIVE,Resale,Strata,333,"11,258",-,Terrace House,1,Freehold,28,Outside Central Region,-
ATELIER VILLAS,"2,850,000","2,863.22",995,Jul-23,YIO CHU KANG DRIVE,Resale,Strata,266,"10,714",-,Terrace House,1,Freehold,26,Outside Central Region,-
WOODHAVEN,"2,850,000","3,358.37",849,Jun-23,WOODGROVE AVENUE,Resale,Strata,312,"9,135",-,Terrace House,1,99 yrs lease commencing from 2011,25,Outside Central Region,-
SPRINGHILL,"2,100,000","3,261.49",644,Jun-23,SEMBAWANG WALK,Resale,Strata,303,"6,931",-,Terrace House,1,99 yrs lease commencing from 2002,27,Outside Central Region,01 to 05
WATERCOVE,"3,420,000","3,842.75",890,May-23,WAK HASSAN DRIVE,Resale,Strata,357,"9,580",-,Semi-Detached House,1,Freehold,27,Outside Central Region,-
RIVERTREES RESIDENCES,"2,050,000","1,528.49","1,341",May-23,FERNVALE CLOSE,Resale,Strata,142,"14,437",-,Terrace House,1,99 yrs lease commencing from 2013,28,Outside Central Region,-
BELGRAVIA GREEN,"4,350,000","3,821.22","1,138",May-23,BELGRAVIA DRIVE,Resale,Strata,355,"12,254",-,Semi-Detached House,1,Freehold,28,Outside Central Region,-
SPRINGHILL,"2,200,000","2,906.28",757,May-23,SEMBAWANG WALK,Resale,Strata,270,"8,148",-,Terrace House,1,99 yrs lease commencing from 2002,27,Outside Central Region,01 to 05
SPRINGHILL,"2,100,000","2,906.28",723,Apr-23,SEMBAWANG WALK,Resale,Strata,270,"7,778",-,Terrace House,1,99 yrs lease commencing from 2002,27,Outside Central Region,01 to 05
SPRINGHILL,"2,100,000","2,960.1",709,Apr-23,SEMBAWANG WALK,Resale,Strata,275,"7,636",-,Terrace House,1,99 yrs lease commencing from 2002,27,Outside Central Region,01 to 05
THE SHAUGHNESSY,"2,260,000","3,283.02",688,Apr-23,MILTONIA CLOSE,Resale,Strata,305,"7,410",-,Terrace House,1,99 yrs lease commencing from 2001,27,Outside Central Region,-
CABANA,"2,862,828","2,917.04",981,Apr-23,SUNRISE TERRACE,Resale,Strata,271,"10,564",-,Terrace House,1,103 yrs lease commencing from 2009,28,Outside Central Region,-
SPRINGHILL,"1,900,000","2,744.82",692,Apr-23,SEMBAWANG WALK,Resale,Strata,255,"7,451",-,Terrace House,1,99 yrs lease commencing from 2002,27,Outside Central Region,01 to 05
CHESTNUT RESIDENCES,"2,860,000","3,444.48",830,Apr-23,JALAN EMAS URAI,Resale,Strata,320,"8,938",-,Terrace House,1,999 yrs lease commencing from 1882,23,Outside Central Region,-
THE WOODS,"2,285,000","4,004.21",571,Apr-23,WESTWOOD AVENUE,Resale,Strata,372,"6,142",-,Terrace House,1,99 yrs lease commencing from 2010,22,Outside Central Region,-
ALANA,"3,790,684","3,509.06","1,080",Apr-23,SUNRISE TERRACE,Resale,Strata,326,"11,628",-,Terrace House,1,103 yrs lease commencing from 2013,28,Outside Central Region,-
BINJAI CREST,"2,850,000","3,778.16",754,Apr-23,JALAN KAMPONG CHANTEK,Resale,Strata,351,"8,120",-,Terrace House,1,99 yrs lease commencing from 1996,21,Rest of Central Region,-
THE SHAUGHNESSY,"2,140,000","3,444.48",621,Mar-23,MILTONIA CLOSE,Resale,Strata,320,"6,688",-,Terrace House,1,99 yrs lease commencing from 2001,27,Outside Central Region,-
HONG KONG PARK,"3,900,000","4,219.49",924,Mar-23,HUA GUAN AVENUE,Resale,Strata,392,"9,949",-,Detached House,1,999 yrs lease commencing from 1879,21,Rest of Central Region,-
ESTE VILLA,"3,038,000","3,369.13",902,Mar-23,NIM ROAD,Resale,Strata,313,"9,706",-,Terrace House,1,Freehold,28,Outside Central Region,-
ALANA,"3,140,770","3,056.98","1,027",Mar-23,SUNRISE TERRACE,Resale,Strata,284,"11,059",-,Terrace House,1,103 yrs lease commencing from 2013,28,Outside Central Region,-
ESTE VILLA,"3,100,000","3,422.95",906,Mar-23,NIM ROAD,Resale,Strata,318,"9,748",-,Terrace House,1,Freehold,28,Outside Central Region,-
WOODHAVEN,"2,880,000","3,358.37",858,Mar-23,WOODGROVE AVENUE,Resale,Strata,312,"9,231",-,Terrace House,1,99 yrs lease commencing from 2011,25,Outside Central Region,-
SPRINGHILL,"2,100,000","2,960.1",709,Mar-23,SEMBAWANG WALK,Resale,Strata,275,"7,636",-,Terrace House,1,99 yrs lease commencing from 2002,27,Outside Central Region,01 to 05
ATELIER VILLAS,"3,008,000","3,239.96",928,Mar-23,YIO CHU KANG DRIVE,Resale,Strata,301,"9,993",-,Terrace House,1,Freehold,26,Outside Central Region,-
SPRINGHILL,"2,000,000","2,949.34",678,Feb-23,SEMBAWANG WALK,Resale,Strata,274,"7,299",-,Terrace House,1,99 yrs lease commencing from 2002,27,Outside Central Region,01 to 05
CABANA,"2,830,000","2,917.04",970,Feb-23,SUNRISE TERRACE,Resale,Strata,271,"10,443",-,Terrace House,1,103 yrs lease commencing from 2009,28,Outside Central Region,-
THE SHAUGHNESSY,"2,200,000","3,283.02",670,Feb-23,MILTONIA CLOSE,Resale,Strata,305,"7,213",-,Terrace House,1,99 yrs lease commencing from 2001,27,Outside Central Region,-
BELGRAVIA GREEN,"3,880,000","3,466.01","1,119",Jan-23,BELGRAVIA DRIVE,Sub Sale,Strata,322,"12,050",-,Terrace House,1,Freehold,28,Outside Central Region,-
THE SHAUGHNESSY,"2,210,000","3,304.55",669,Jan-23,MILTONIA CLOSE,Resale,Strata,307,"7,199",-,Terrace House,1,99 yrs lease commencing from 2001,27,Outside Central Region,-
BELGRAVIA GREEN,"4,070,000","3,595.18","1,132",Jan-23,BELGRAVIA DRIVE,Sub Sale,Strata,334,"12,186",-,Terrace House,1,Freehold,28,Outside Central Region,-
BELGRAVIA GREEN,"3,800,000","3,455.24","1,100",Dec-22,BELGRAVIA DRIVE,Sub Sale,Strata,321,"11,838",-,Terrace House,1,Freehold,28,Outside Central Region,-
CABANA,"2,818,888","2,917.04",966,Dec-22,SUNRISE TERRACE,Resale,Strata,271,"10,402",-,Terrace House,1,103 yrs lease commencing from 2009,28,Outside Central Region,-
LANDED HOUSING DEVELOPMENT,"2,180,000","1,819.12","1,198",Dec-22,KISMIS PLACE,Resale,Strata,169,"12,899",-,Terrace House,1,99 yrs lease commencing from 1993,21,Rest of Central Region,-
CABANA,"2,750,000","2,917.04",943,Nov-22,SUNRISE TERRACE,Resale,Strata,271,"10,148",-,Terrace House,1,103 yrs lease commencing from 2009,28,Outside Central Region,-
SPRINGHILL,"2,138,000","3,444.48",621,Nov-22,SEMBAWANG WALK,Resale,Strata,320,"6,681",-,Terrace House,1,99 yrs lease commencing from 2002,27,Outside Central Region,01 to 05
ALANA,"2,470,000","2,755.58",896,Nov-22,SUNRISE TERRACE,Resale,Strata,256,"9,648",-,Terrace House,1,103 yrs lease commencing from 2013,28,Outside Central Region,-
CABANA,"2,400,000","2,938.57",817,Nov-22,SUNRISE TERRACE,Resale,Strata,273,"8,791",-,Terrace House,1,103 yrs lease commencing from 2009,28,Outside Central Region,-
THE SHAUGHNESSY,"2,200,000","3,304.55",666,Nov-22,MILTONIA CLOSE,Resale,Strata,307,"7,166",-,Terrace House,1,99 yrs lease commencing from 2001,27,Outside Central Region,-
ALANA,"3,107,866","3,056.98","1,017",Nov-22,SUNRISE TERRACE,Resale,Strata,284,"10,943",-,Terrace House,1,103 yrs lease commencing from 2013,28,Outside Central Region,-
ALANA,"2,767,247","2,755.58","1,004",Oct-22,SUNRISE TERRACE,Resale,Strata,256,"10,810",-,Terrace House,1,103 yrs lease commencing from 2013,28,Outside Central Region,-
CABANA,"2,680,000","2,917.04",919,Oct-22,SUNRISE TERRACE,Resale,Strata,271,"9,889",-,Terrace House,1,103 yrs lease commencing from 2009,28,Outside Central Region,-
SPRINGHILL,"2,038,000","3,046.21",669,Oct-22,SEMBAWANG WALK,Resale,Strata,283,"7,201",-,Terrace House,1,99 yrs lease commencing from 2002,27,Outside Central Region,01 to 05
BINJAI CREST,"2,750,000","3,778.16",728,Oct-22,JALAN KAMPONG CHANTEK,Resale,Strata,351,"7,835",-,Terrace House,1,99 yrs lease commencing from 1996,21,Rest of Central Region,-
THE WOODS,"2,335,000","4,004.21",583,Sep-22,WESTWOOD AVENUE,Resale,Strata,372,"6,277",-,Terrace House,1,99 yrs lease commencing from 2010,22,Outside Central Region,-
POETS VILLAS,"2,813,000","3,250.73",865,Sep-22,TAGORE AVENUE,Resale,Strata,302,"9,315",-,Semi-Detached House,1,99 yrs lease commencing from 2010,26,Outside Central Region,-
CABANA,"2,750,000","2,917.04",943,Sep-22,SUNRISE TERRACE,Resale,Strata,271,"10,148",-,Terrace House,1,103 yrs lease commencing from 2009,28,Outside Central Region,-
BINJAI CREST,"2,750,000","3,778.16",728,Sep-22,JALAN KAMPONG CHANTEK,Resale,Strata,351,"7,835",-,Terrace House,1,99 yrs lease commencing from 1996,21,Rest of Central Region,-
ALANA,"3,177,322","3,035.45","1,047",Sep-22,SUNRISE TERRACE,Resale,Strata,282,"11,267",-,Terrace House,1,103 yrs lease commencing from 2013,28,Outside Central Region,-
BELGRAVIA VILLAS,"3,828,000","3,961.15",966,Sep-22,BELGRAVIA DRIVE,Resale,Strata,368,"10,402",-,Semi-Detached House,1,Freehold,28,Outside Central Region,-
ALANA,"2,705,388","2,755.58",982,Sep-22,SUNRISE TERRACE,Resale,Strata,256,"10,568",-,Terrace House,1,103 yrs lease commencing from 2013,28,Outside Central Region,-
SPRINGHILL,"2,080,000","2,906.28",716,Sep-22,SEMBAWANG WALK,Resale,Strata,270,"7,704",-,Terrace House,1,99 yrs lease commencing from 2002,27,Outside Central Region,01 to 05
8 @ STRATTON,"3,350,000","5,112.9",655,Sep-22,STRATTON GREEN,Resale,Strata,475,"7,053",-,Semi-Detached House,1,Freehold,28,Outside Central Region,-
SPRINGHILL,"2,050,000","2,906.28",705,Sep-22,SEMBAWANG WALK,Resale,Strata,270,"7,593",-,Terrace House,1,99 yrs lease commencing from 2002,27,Outside Central Region,01 to 05
THE SHAUGHNESSY,"2,300,000","3,498.3",657,Sep-22,MILTONIA CLOSE,Resale,Strata,325,"7,077",-,Terrace House,1,99 yrs lease commencing from 2001,27,Outside Central Region,-
WOODHAVEN,"2,930,000","3,358.37",872,Sep-22,WOODGROVE AVENUE,Resale,Strata,312,"9,391",-,Terrace House,1,99 yrs lease commencing from 2011,25,Outside Central Region,-
THE WOODS,"2,200,000","4,004.21",549,Aug-22,WESTWOOD AVENUE,Resale,Strata,372,"5,914",-,Terrace House,1,99 yrs lease commencing from 2010,22,Outside Central Region,-
THE SHAUGHNESSY,"2,188,000","3,304.55",662,Aug-22,MILTONIA CLOSE,Resale,Strata,307,"7,127",-,Terrace House,1,99 yrs lease commencing from 2001,27,Outside Central Region,-
HIGH PARK RESIDENCES,"2,570,000","2,314.26","1,111",Aug-22,FERNVALE ROAD,Resale,Strata,215,"11,953",-,Semi-Detached House,1,99 yrs lease commencing from 2014,28,Outside Central Region,-
HONG KONG PARK,"3,500,000","4,617.76",758,Aug-22,HUA GUAN AVENUE,Resale,Strata,429,"8,159",-,Detached House,1,999 yrs lease commencing from 1879,21,Rest of Central Region,-
CABANA,"2,600,000","3,067.74",848,Aug-22,SUNRISE TERRACE,Resale,Strata,285,"9,123",-,Terrace House,1,103 yrs lease commencing from 2009,28,Outside Central Region,-
THE SHAUGHNESSY,"2,100,000","3,304.55",635,Aug-22,MILTONIA CLOSE,Resale,Strata,307,"6,840",-,Terrace House,1,99 yrs lease commencing from 2001,27,Outside Central Region,-
ALANA,"2,960,000","3,056.98",968,Aug-22,SUNRISE TERRACE,Resale,Strata,284,"10,423",-,Terrace House,1,103 yrs lease commencing from 2013,28,Outside Central Region,-
THE SHAUGHNESSY,"2,400,000","3,304.55",726,Jul-22,MILTONIA CLOSE,Resale,Strata,307,"7,818",-,Terrace House,1,99 yrs lease commencing from 2001,27,Outside Central Region,-
ALANA,"3,574,083","3,067.74","1,165",Jul-22,SUNRISE TERRACE,Resale,Strata,285,"12,541",-,Terrace House,1,103 yrs lease commencing from 2013,28,Outside Central Region,-
HONG KONG PARK,"3,800,000","4,660.81",815,Jul-22,HUA GUAN AVENUE,Resale,Strata,433,"8,776",-,Detached House,1,999 yrs lease commencing from 1879,21,Rest of Central Region,-
ESTE VILLA,"2,980,000","3,422.95",871,Jul-22,NIM ROAD,Resale,Strata,318,"9,371",-,Terrace House,1,Freehold,28,Outside Central Region,-
DALLA VALE,"2,780,000","3,250.73",855,Jun-22,SPRINGLEAF AVENUE,Resale,Strata,302,"9,205",-,Semi-Detached House,1,Freehold,26,Outside Central Region,-
BINJAI CREST,"2,630,000","3,778.16",696,Jun-22,JALAN KAMPONG CHANTEK,Resale,Strata,351,"7,493",-,Terrace House,1,99 yrs lease commencing from 1996,21,Rest of Central Region,-
ALANA,"2,715,000","2,766.35",981,Jun-22,SUNRISE TERRACE,Resale,Strata,257,"10,564",-,Terrace House,1,103 yrs lease commencing from 2013,28,Outside Central Region,-
SPRINGHILL,"1,940,000","3,013.92",644,Jun-22,SEMBAWANG WALK,Resale,Strata,280,"6,929",-,Terrace House,1,99 yrs lease commencing from 2002,27,Outside Central Region,01 to 05
MONT TIMAH,"3,875,000","4,542.41",853,Jun-22,BUKIT WAY,Resale,Strata,422,"9,182",-,Terrace House,1,99 yrs lease commencing from 2004,21,Outside Central Region,-
SPRINGLEAF VILLAS,"2,650,000","3,519.83",753,May-22,SPRINGLEAF CRESCENT,Resale,Strata,327,"8,104",-,Semi-Detached House,1,Freehold,26,Outside Central Region,-
CABANA,"2,588,800","3,046.21",850,May-22,SUNRISE TERRACE,Resale,Strata,283,"9,148",-,Terrace House,1,103 yrs lease commencing from 2009,28,Outside Central Region,-
POETS VILLAS,"2,518,500","3,358.37",750,May-22,TAGORE AVENUE,Resale,Strata,312,"8,072",-,Semi-Detached House,1,99 yrs lease commencing from 2010,26,Outside Central Region,-
SPRINGHILL,"1,828,000","2,766.35",661,May-22,SEMBAWANG WALK,Resale,Strata,257,"7,113",-,Terrace House,1,99 yrs lease commencing from 2002,27,Outside Central Region,01 to 05
SUNCOTTAGES,"2,900,000","2,830.93","1,024",May-22,CASHEW CRESCENT,Resale,Strata,263,"11,027",-,Terrace House,1,999 yrs lease commencing from 1883,23,Outside Central Region,-
8 @ STRATTON,"2,880,000","5,112.9",563,May-22,STRATTON GREEN,Resale,Strata,475,"6,063",-,Semi-Detached House,1,Freehold,28,Outside Central Region,-
THE SHAUGHNESSY,"2,050,000","3,283.02",624,May-22,MILTONIA CLOSE,Resale,Strata,305,"6,721",-,Terrace House,1,99 yrs lease commencing from 2001,27,Outside Central Region,-
8 @ STRATTON,"3,230,000","5,145.19",628,May-22,STRATTON GREEN,Resale,Strata,478,"6,757",-,Semi-Detached House,1,Freehold,28,Outside Central Region,-
THE SHAUGHNESSY,"1,920,000","3,304.55",581,May-22,MILTONIA CLOSE,Resale,Strata,307,"6,254",-,Terrace House,1,99 yrs lease commencing from 2001,27,Outside Central Region,-
BINJAI CREST,"2,538,000","3,175.38",799,May-22,JALAN KAMPONG CHANTEK,Resale,Strata,295,"8,603",-,Terrace House,1,99 yrs lease commencing from 1996,21,Rest of Central Region,-
CABANA,"2,500,000","3,067.74",815,Apr-22,SUNRISE TERRACE,Resale,Strata,285,"8,772",-,Terrace House,1,103 yrs lease commencing from 2009,28,Outside Central Region,-
MONT TIMAH,"4,000,000","4,402.48",909,Apr-22,BUKIT WAY,Resale,Strata,409,"9,780",-,Terrace House,1,99 yrs lease commencing from 2004,21,Outside Central Region,-
WATERCOVE,"3,498,888","3,444.48","1,016",Apr-22,WAK HASSAN DRIVE,Sub Sale,Strata,320,"10,934",-,Terrace House,1,Freehold,27,Outside Central Region,-
BELGRAVIA ACE,"4,531,000","4,058.03","1,117",Apr-22,BELGRAVIA DRIVE,New Sale,Strata,377,"12,019",-,Semi-Detached House,1,Freehold,28,Outside Central Region,-
BINJAI CREST,"2,700,000","3,778.16",715,Apr-22,JALAN KAMPONG CHANTEK,Resale,Strata,351,"7,692",-,Terrace House,1,99 yrs lease commencing from 1996,21,Rest of Central Region,-
CABANA,"2,518,000","3,078.5",818,Apr-22,SUNRISE TERRACE,Resale,Strata,286,"8,804",-,Terrace House,1,103 yrs lease commencing from 2009,28,Outside Central Region,-
WATERCOVE,"2,970,000","3,466.01",857,Apr-22,WAK HASSAN DRIVE,Sub Sale,Strata,322,"9,224",-,Terrace House,1,Freehold,27,Outside Central Region,-
SPRINGHILL,"1,808,000","2,960.1",611,Apr-22,SEMBAWANG WALK,Resale,Strata,275,"6,575",-,Terrace House,1,99 yrs lease commencing from 2002,27,Outside Central Region,01 to 05
SPRINGLEAF VILLAS,"2,540,000","3,530.59",719,Apr-22,SPRINGLEAF CRESCENT,Resale,Strata,328,"7,744",-,Semi-Detached House,1,Freehold,26,Outside Central Region,-
D' KENARIS,"2,550,000","3,239.96",787,Apr-22,JALAN KENARAH,Resale,Strata,301,"8,472",-,Semi-Detached House,1,999 yrs lease commencing from 1879,28,Outside Central Region,-
SUMMER VILLAS,"2,800,000","3,530.59",793,Apr-22,GERALD DRIVE,Resale,Strata,328,"8,537",-,Terrace House,1,Freehold,28,Outside Central Region,01 to 05
CABANA,"2,600,000","2,917.04",891,Mar-22,SUNRISE TERRACE,Resale,Strata,271,"9,594",-,Terrace House,1,103 yrs lease commencing from 2009,28,Outside Central Region,-
ALANA,"3,400,000","3,498.3",972,Mar-22,SUNRISE TERRACE,Resale,Strata,325,"10,462",-,Terrace House,1,103 yrs lease commencing from 2013,28,Outside Central Region,-
BELGRAVIA ACE,"4,531,000","4,058.03","1,117",Mar-22,BELGRAVIA DRIVE,New Sale,Strata,377,"12,019",-,Semi-Detached House,1,Freehold,28,Outside Central Region,-
DALLA VALE,"2,800,000","3,272.26",856,Mar-22,SPRINGLEAF AVENUE,Resale,Strata,304,"9,211",-,Semi-Detached House,1,Freehold,26,Outside Central Region,-
BELGRAVIA ACE,"4,199,000","4,058.03","1,035",Mar-22,BELGRAVIA DRIVE,New Sale,Strata,377,"11,138",-,Semi-Detached House,1,Freehold,28,Outside Central Region,-
BELGRAVIA ACE,"4,531,000","4,058.03","1,117",Mar-22,BELGRAVIA DRIVE,New Sale,Strata,377,"12,019",-,Semi-Detached House,1,Freehold,28,Outside Central Region,-
CABANA,"2,300,000","3,067.74",750,Mar-22,SUNRISE TERRACE,Resale,Strata,285,"8,070",-,Terrace House,1,103 yrs lease commencing from 2009,28,Outside Central Region,-
BELGRAVIA ACE,"4,531,000","4,058.03","1,117",Mar-22,BELGRAVIA DRIVE,New Sale,Strata,377,"12,019",-,Semi-Detached House,1,Freehold,28,Outside Central Region,-
BELGRAVIA ACE,"4,531,000","4,058.03","1,117",Mar-22,BELGRAVIA DRIVE,New Sale,Strata,377,"12,019",-,Semi-Detached House,1,Freehold,28,Outside Central Region,-
THE WOODS,"2,300,000","4,456.3",516,Mar-22,WESTWOOD AVENUE,Resale,Strata,414,"5,556",-,Terrace House,1,99 yrs lease commencing from 2010,22,Outside Central Region,-
DALLA VALE,"2,660,000","3,218.44",826,Mar-22,SPRINGLEAF AVENUE,Resale,Strata,299,"8,896",-,Semi-Detached House,1,Freehold,26,Outside Central Region,-
THE SHAUGHNESSY,"1,900,000","3,283.02",579,Mar-22,MILTONIA CLOSE,Resale,Strata,305,"6,230",-,Terrace House,1,99 yrs lease commencing from 2001,27,Outside Central Region,-
BINJAI CREST,"2,525,000","3,175.38",795,Mar-22,JALAN KAMPONG CHANTEK,Resale,Strata,295,"8,559",-,Terrace House,1,99 yrs lease commencing from 1996,21,Rest of Central Region,-
BELGRAVIA ACE,"4,531,000","4,058.03","1,117",Mar-22,BELGRAVIA DRIVE,New Sale,Strata,377,"12,019",-,Semi-Detached House,1,Freehold,28,Outside Central Region,-
ALANA,"2,880,000","3,056.98",942,Mar-22,SUNRISE TERRACE,Resale,Strata,284,"10,141",-,Terrace House,1,103 yrs lease commencing from 2013,28,Outside Central Region,-
BELGRAVIA GREEN,"4,200,000","4,004.21","1,049",Mar-22,BELGRAVIA DRIVE,Sub Sale,Strata,372,"11,290",-,Semi-Detached House,1,Freehold,28,Outside Central Region,-
CABANA,"2,530,000","3,067.74",825,Mar-22,SUNRISE TERRACE,Resale,Strata,285,"8,877",-,Terrace House,1,103 yrs lease commencing from 2009,28,Outside Central Region,-
SPRINGHILL,"1,950,000","3,013.92",647,Mar-22,SEMBAWANG WALK,Resale,Strata,280,"6,964",-,Terrace House,1,99 yrs lease commencing from 2002,27,Outside Central Region,01 to 05
BELGRAVIA ACE,"4,531,000","4,058.03","1,117",Mar-22,BELGRAVIA DRIVE,New Sale,Strata,377,"12,019",-,Semi-Detached House,1,Freehold,28,Outside Central Region,-
SPRINGHILL,"1,930,000","3,013.92",640,Mar-22,SEMBAWANG WALK,Resale,Strata,280,"6,893",-,Terrace House,1,99 yrs lease commencing from 2002,27,Outside Central Region,01 to 05
THE HILLOFT,"2,580,000","4,919.15",524,Mar-22,JALAN DERMAWAN,Resale,Strata,457,"5,646",-,Semi-Detached House,1,999 yrs lease commencing from 1885,23,Outside Central Region,-
POETS VILLAS,"2,200,000","3,239.96",679,Feb-22,TAGORE AVENUE,Resale,Strata,301,"7,309",-,Semi-Detached House,1,99 yrs lease commencing from 2010,26,Outside Central Region,-
HILLSTA,"2,950,000","3,369.13",876,Feb-22,PHOENIX ROAD,Resale,Strata,313,"9,425",-,Terrace House,1,99 yrs lease commencing from 2011,23,Outside Central Region,-
THE WOODS,"2,100,000","4,004.21",524,Feb-22,WESTWOOD AVENUE,Resale,Strata,372,"5,645",-,Terrace House,1,99 yrs lease commencing from 2010,22,Outside Central Region,-
CABANA,"2,120,000","2,917.04",727,Feb-22,SUNRISE TERRACE,Resale,Strata,271,"7,823",-,Terrace House,1,103 yrs lease commencing from 2009,28,Outside Central Region,-
ESTE VILLA,"2,900,000","3,390.66",855,Feb-22,NIM ROAD,Resale,Strata,315,"9,206",-,Terrace House,1,Freehold,28,Outside Central Region,-
ALANA,"3,680,000","3,735.11",985,Feb-22,SUNRISE TERRACE,Resale,Strata,347,"10,605",-,Terrace House,1,103 yrs lease commencing from 2013,28,Outside Central Region,-
BINJAI CREST,"2,900,000","4,154.9",698,Feb-22,JALAN KAMPONG CHANTEK,Resale,Strata,386,"7,513",-,Terrace House,1,99 yrs lease commencing from 1996,21,Rest of Central Region,-
ALANA,"2,743,551","2,766.35",992,Feb-22,SUNRISE TERRACE,Resale,Strata,257,"10,675",-,Terrace House,1,103 yrs lease commencing from 2013,28,Outside Central Region,-
BINJAI CREST,"2,390,000","3,035.45",787,Feb-22,JALAN KAMPONG CHANTEK,Resale,Strata,282,"8,475",-,Terrace House,1,99 yrs lease commencing from 1996,21,Rest of Central Region,-
BINJAI CREST,"2,700,000","3,509.06",769,Jan-22,JALAN KAMPONG CHANTEK,Resale,Strata,326,"8,282",-,Terrace House,1,99 yrs lease commencing from 1996,21,Rest of Central Region,-
SPRINGHILL,"1,900,000","2,906.28",654,Jan-22,SEMBAWANG WALK,Resale,Strata,270,"7,037",-,Terrace House,1,99 yrs lease commencing from 2002,27,Outside Central Region,01 to 05
ALANA,"2,888,000","3,035.45",951,Jan-22,SUNRISE TERRACE,Resale,Strata,282,"10,241",-,Terrace House,1,103 yrs lease commencing from 2013,28,Outside Central Region,-
BELGRAVIA ACE,"4,338,000","4,025.74","1,078",Jan-22,BELGRAVIA DRIVE,New Sale,Strata,374,"11,599",-,Terrace House,1,Freehold,28,Outside Central Region,-
BELGRAVIA ACE,"4,428,000","3,928.86","1,127",Jan-22,BELGRAVIA DRIVE,New Sale,Strata,365,"12,132",-,Semi-Detached House,1,Freehold,28,Outside Central Region,-
BELGRAVIA ACE,"4,428,000","3,928.86","1,127",Jan-22,BELGRAVIA DRIVE,New Sale,Strata,365,"12,132",-,Semi-Detached House,1,Freehold,28,Outside Central Region,-
BELGRAVIA ACE,"4,405,000","3,928.86","1,121",Jan-22,BELGRAVIA DRIVE,New Sale,Strata,365,"12,068",-,Semi-Detached House,1,Freehold,28,Outside Central Region,-
BELGRAVIA ACE,"4,529,000","4,370.18","1,036",Jan-22,BELGRAVIA DRIVE,New Sale,Strata,406,"11,155",-,Semi-Detached House,1,Freehold,28,Outside Central Region,-
BELGRAVIA ACE,"4,479,000","4,370.18","1,025",Jan-22,BELGRAVIA DRIVE,New Sale,Strata,406,"11,032",-,Semi-Detached House,1,Freehold,28,Outside Central Region,-
BELGRAVIA ACE,"4,479,000","4,370.18","1,025",Jan-22,BELGRAVIA DRIVE,New Sale,Strata,406,"11,032",-,Semi-Detached House,1,Freehold,28,Outside Central Region,-
BELGRAVIA ACE,"4,555,000","4,370.18","1,042",Jan-22,BELGRAVIA DRIVE,New Sale,Strata,406,"11,219",-,Semi-Detached House,1,Freehold,28,Outside Central Region,-
BELGRAVIA ACE,"4,605,000","4,370.18","1,054",Jan-22,BELGRAVIA DRIVE,New Sale,Strata,406,"11,342",-,Semi-Detached House,1,Freehold,28,Outside Central Region,-
BELGRAVIA ACE,"4,605,000","4,370.18","1,054",Jan-22,BELGRAVIA DRIVE,New Sale,Strata,406,"11,342",-,Semi-Detached House,1,Freehold,28,Outside Central Region,-
BELGRAVIA ACE,"4,458,000","4,058.03","1,099",Jan-22,BELGRAVIA DRIVE,New Sale,Strata,377,"11,825",-,Semi-Detached House,1,Freehold,28,Outside Central Region,-
BELGRAVIA ACE,"4,381,000","4,058.03","1,080",Jan-22,BELGRAVIA DRIVE,New Sale,Strata,377,"11,621",-,Semi-Detached House,1,Freehold,28,Outside Central Region,-
BELGRAVIA ACE,"4,358,000","4,058.03","1,074",Jan-22,BELGRAVIA DRIVE,New Sale,Strata,377,"11,560",-,Semi-Detached House,1,Freehold,28,Outside Central Region,-
BELGRAVIA ACE,"4,358,000","4,058.03","1,074",Jan-22,BELGRAVIA DRIVE,New Sale,Strata,377,"11,560",-,Semi-Detached House,1,Freehold,28,Outside Central Region,-
BELGRAVIA ACE,"4,458,000","4,058.03","1,099",Jan-22,BELGRAVIA DRIVE,New Sale,Strata,377,"11,825",-,Semi-Detached House,1,Freehold,28,Outside Central Region,-
BELGRAVIA ACE,"4,531,000","4,058.03","1,117",Jan-22,BELGRAVIA DRIVE,New Sale,Strata,377,"12,019",-,Semi-Detached House,1,Freehold,28,Outside Central Region,-
BELGRAVIA ACE,"4,282,000","4,058.03","1,055",Jan-22,BELGRAVIA DRIVE,New Sale,Strata,377,"11,358",-,Semi-Detached House,1,Freehold,28,Outside Central Region,-
BELGRAVIA ACE,"4,358,000","4,058.03","1,074",Jan-22,BELGRAVIA DRIVE,New Sale,Strata,377,"11,560",-,Semi-Detached House,1,Freehold,28,Outside Central Region,-
BELGRAVIA ACE,"4,531,000","4,058.03","1,117",Jan-22,BELGRAVIA DRIVE,New Sale,Strata,377,"12,019",-,Semi-Detached House,1,Freehold,28,Outside Central Region,-
BELGRAVIA ACE,"4,458,000","4,058.03","1,099",Jan-22,BELGRAVIA DRIVE,New Sale,Strata,377,"11,825",-,Semi-Detached House,1,Freehold,28,Outside Central Region,-
BELGRAVIA ACE,"4,458,000","4,058.03","1,099",Jan-22,BELGRAVIA DRIVE,New Sale,Strata,377,"11,825",-,Semi-Detached House,1,Freehold,28,Outside Central Region,-
BELGRAVIA ACE,"4,531,000","4,058.03","1,117",Jan-22,BELGRAVIA DRIVE,New Sale,Strata,377,"12,019",-,Semi-Detached House,1,Freehold,28,Outside Central Region,-
BELGRAVIA ACE,"4,531,000","4,058.03","1,117",Jan-22,BELGRAVIA DRIVE,New Sale,Strata,377,"12,019",-,Semi-Detached House,1,Freehold,28,Outside Central Region,-
BELGRAVIA ACE,"4,282,000","4,058.03","1,055",Jan-22,BELGRAVIA DRIVE,New Sale,Strata,377,"11,358",-,Semi-Detached House,1,Freehold,28,Outside Central Region,-
BELGRAVIA ACE,"4,423,000","4,058.03","1,090",Jan-22,BELGRAVIA DRIVE,New Sale,Strata,377,"11,732",-,Semi-Detached House,1,Freehold,28,Outside Central Region,-
BELGRAVIA ACE,"4,322,000","4,058.03","1,065",Jan-22,BELGRAVIA DRIVE,New Sale,Strata,377,"11,464",-,Semi-Detached House,1,Freehold,28,Outside Central Region,-
BELGRAVIA ACE,"4,381,000","4,058.03","1,080",Jan-22,BELGRAVIA DRIVE,New Sale,Strata,377,"11,621",-,Semi-Detached House,1,Freehold,28,Outside Central Region,-
BELGRAVIA ACE,"4,531,000","4,058.03","1,117",Jan-22,BELGRAVIA DRIVE,New Sale,Strata,377,"12,019",-,Semi-Detached House,1,Freehold,28,Outside Central Region,-
BELGRAVIA ACE,"4,206,000","4,058.03","1,036",Jan-22,BELGRAVIA DRIVE,New Sale,Strata,377,"11,156",-,Semi-Detached House,1,Freehold,28,Outside Central Region,-
BELGRAVIA ACE,"4,358,000","4,058.03","1,074",Jan-22,BELGRAVIA DRIVE,New Sale,Strata,377,"11,560",-,Semi-Detached House,1,Freehold,28,Outside Central Region,-
BELGRAVIA ACE,"4,308,000","4,058.03","1,062",Jan-22,BELGRAVIA DRIVE,New Sale,Strata,377,"11,427",-,Semi-Detached House,1,Freehold,28,Outside Central Region,-
BELGRAVIA ACE,"4,383,000","4,058.03","1,080",Jan-22,BELGRAVIA DRIVE,New Sale,Strata,377,"11,626",-,Semi-Detached House,1,Freehold,28,Outside Central Region,-
BELGRAVIA ACE,"4,531,000","4,058.03","1,117",Jan-22,BELGRAVIA DRIVE,New Sale,Strata,377,"12,019",-,Semi-Detached House,1,Freehold,28,Outside Central Region,-
BELGRAVIA ACE,"4,531,000","4,058.03","1,117",Jan-22,BELGRAVIA DRIVE,New Sale,Strata,377,"12,019",-,Semi-Detached House,1,Freehold,28,Outside Central Region,-
BELGRAVIA ACE,"4,381,000","4,058.03","1,080",Jan-22,BELGRAVIA DRIVE,New Sale,Strata,377,"11,621",-,Semi-Detached House,1,Freehold,28,Outside Central Region,-
BELGRAVIA ACE,"4,381,000","4,058.03","1,080",Jan-22,BELGRAVIA DRIVE,New Sale,Strata,377,"11,621",-,Semi-Detached House,1,Freehold,28,Outside Central Region,-
BELGRAVIA ACE,"4,573,000","4,058.03","1,127",Jan-22,BELGRAVIA DRIVE,New Sale,Strata,377,"12,130",-,Semi-Detached House,1,Freehold,28,Outside Central Region,-
BELGRAVIA ACE,"4,423,000","4,058.03","1,090",Jan-22,BELGRAVIA DRIVE,New Sale,Strata,377,"11,732",-,Semi-Detached House,1,Freehold,28,Outside Central Region,-
BELGRAVIA ACE,"4,381,000","4,058.03","1,080",Jan-22,BELGRAVIA DRIVE,New Sale,Strata,377,"11,621",-,Semi-Detached House,1,Freehold,28,Outside Central Region,-
BELGRAVIA ACE,"4,282,000","4,058.03","1,055",Jan-22,BELGRAVIA DRIVE,New Sale,Strata,377,"11,358",-,Semi-Detached House,1,Freehold,28,Outside Central Region,-
BELGRAVIA ACE,"4,282,000","4,058.03","1,055",Jan-22,BELGRAVIA DRIVE,New Sale,Strata,377,"11,358",-,Semi-Detached House,1,Freehold,28,Outside Central Region,-
BELGRAVIA ACE,"4,409,000","4,058.03","1,086",Jan-22,BELGRAVIA DRIVE,New Sale,Strata,377,"11,695",-,Semi-Detached House,1,Freehold,28,Outside Central Region,-
BELGRAVIA ACE,"4,409,000","4,058.03","1,086",Jan-22,BELGRAVIA DRIVE,New Sale,Strata,377,"11,695",-,Semi-Detached House,1,Freehold,28,Outside Central Region,-
BELGRAVIA ACE,"4,409,000","4,058.03","1,086",Jan-22,BELGRAVIA DRIVE,New Sale,Strata,377,"11,695",-,Semi-Detached House,1,Freehold,28,Outside Central Region,-
BELGRAVIA ACE,"4,358,000","4,058.03","1,074",Jan-22,BELGRAVIA DRIVE,New Sale,Strata,377,"11,560",-,Semi-Detached House,1,Freehold,28,Outside Central Region,-
BELGRAVIA ACE,"4,358,000","4,058.03","1,074",Jan-22,BELGRAVIA DRIVE,New Sale,Strata,377,"11,560",-,Semi-Detached House,1,Freehold,28,Outside Central Region,-
BELGRAVIA ACE,"4,381,000","4,058.03","1,080",Jan-22,BELGRAVIA DRIVE,New Sale,Strata,377,"11,621",-,Semi-Detached House,1,Freehold,28,Outside Central Region,-
BELGRAVIA ACE,"4,531,000","4,058.03","1,117",Jan-22,BELGRAVIA DRIVE,New Sale,Strata,377,"12,019",-,Semi-Detached House,1,Freehold,28,Outside Central Region,-
BELGRAVIA ACE,"4,402,000","4,058.03","1,085",Jan-22,BELGRAVIA DRIVE,New Sale,Strata,377,"11,676",-,Semi-Detached House,1,Freehold,28,Outside Central Region,-
BELGRAVIA ACE,"4,381,000","4,058.03","1,080",Jan-22,BELGRAVIA DRIVE,New Sale,Strata,377,"11,621",-,Semi-Detached House,1,Freehold,28,Outside Central Region,-
BELGRAVIA ACE,"4,531,000","4,058.03","1,117",Jan-22,BELGRAVIA DRIVE,New Sale,Strata,377,"12,019",-,Semi-Detached House,1,Freehold,28,Outside Central Region,-
BELGRAVIA ACE,"4,283,000","4,058.03","1,055",Jan-22,BELGRAVIA DRIVE,New Sale,Strata,377,"11,361",-,Semi-Detached House,1,Freehold,28,Outside Central Region,-
BELGRAVIA ACE,"4,283,000","4,058.03","1,055",Jan-22,BELGRAVIA DRIVE,New Sale,Strata,377,"11,361",-,Semi-Detached House,1,Freehold,28,Outside Central Region,-
BELGRAVIA ACE,"4,531,000","4,058.03","1,117",Jan-22,BELGRAVIA DRIVE,New Sale,Strata,377,"12,019",-,Semi-Detached House,1,Freehold,28,Outside Central Region,-
BELGRAVIA ACE,"4,381,000","4,058.03","1,080",Jan-22,BELGRAVIA DRIVE,New Sale,Strata,377,"11,621",-,Semi-Detached House,1,Freehold,28,Outside Central Region,-
BELGRAVIA ACE,"4,381,000","4,058.03","1,080",Jan-22,BELGRAVIA DRIVE,New Sale,Strata,377,"11,621",-,Semi-Detached House,1,Freehold,28,Outside Central Region,-
BELGRAVIA ACE,"4,381,000","4,058.03","1,080",Jan-22,BELGRAVIA DRIVE,New Sale,Strata,377,"11,621",-,Semi-Detached House,1,Freehold,28,Outside Central Region,-
BELGRAVIA ACE,"4,458,000","4,058.03","1,099",Jan-22,BELGRAVIA DRIVE,New Sale,Strata,377,"11,825",-,Semi-Detached House,1,Freehold,28,Outside Central Region,-
BELGRAVIA ACE,"4,358,000","4,058.03","1,074",Jan-22,BELGRAVIA DRIVE,New Sale,Strata,377,"11,560",-,Semi-Detached House,1,Freehold,28,Outside Central Region,-
BELGRAVIA ACE,"4,105,000","4,058.03","1,012",Jan-22,BELGRAVIA DRIVE,New Sale,Strata,377,"10,889",-,Terrace House,1,Freehold,28,Outside Central Region,-
BELGRAVIA ACE,"4,088,000","3,649","1,120",Jan-22,BELGRAVIA DRIVE,New Sale,Strata,339,"12,059",-,Terrace House,1,Freehold,28,Outside Central Region,-
BELGRAVIA ACE,"4,525,000","4,370.18","1,035",Jan-22,BELGRAVIA DRIVE,New Sale,Strata,406,"11,145",-,Semi-Detached House,1,Freehold,28,Outside Central Region,-
BELGRAVIA ACE,"4,555,000","4,370.18","1,042",Jan-22,BELGRAVIA DRIVE,New Sale,Strata,406,"11,219",-,Semi-Detached House,1,Freehold,28,Outside Central Region,-
BELGRAVIA ACE,"4,510,000","4,370.18","1,032",Jan-22,BELGRAVIA DRIVE,New Sale,Strata,406,"11,108",-,Semi-Detached House,1,Freehold,28,Outside Central Region,-
BELGRAVIA ACE,"4,405,000","3,928.86","1,121",Jan-22,BELGRAVIA DRIVE,New Sale,Strata,365,"12,068",-,Semi-Detached House,1,Freehold,28,Outside Central Region,-
BELGRAVIA ACE,"4,330,000","3,928.86","1,102",Jan-22,BELGRAVIA DRIVE,New Sale,Strata,365,"11,863",-,Semi-Detached House,1,Freehold,28,Outside Central Region,-
BELGRAVIA ACE,"4,406,000","3,928.86","1,121",Jan-22,BELGRAVIA DRIVE,New Sale,Strata,365,"12,071",-,Semi-Detached House,1,Freehold,28,Outside Central Region,-
BELGRAVIA ACE,"4,406,000","3,928.86","1,121",Jan-22,BELGRAVIA DRIVE,New Sale,Strata,365,"12,071",-,Semi-Detached House,1,Freehold,28,Outside Central Region,-
BELGRAVIA ACE,"4,350,000","3,928.86","1,107",Jan-22,BELGRAVIA DRIVE,New Sale,Strata,365,"11,918",-,Semi-Detached House,1,Freehold,28,Outside Central Region,-
BELGRAVIA ACE,"4,206,000","4,058.03","1,036",Jan-22,BELGRAVIA DRIVE,New Sale,Strata,377,"11,156",-,Semi-Detached House,1,Freehold,28,Outside Central Region,-
BELGRAVIA ACE,"4,333,000","4,058.03","1,068",Jan-22,BELGRAVIA DRIVE,New Sale,Strata,377,"11,493",-,Semi-Detached House,1,Freehold,28,Outside Central Region,-
BELGRAVIA ACE,"4,249,000","4,058.03","1,047",Jan-22,BELGRAVIA DRIVE,New Sale,Strata,377,"11,271",-,Semi-Detached House,1,Freehold,28,Outside Central Region,-
BELGRAVIA ACE,"4,123,000","4,058.03","1,016",Jan-22,BELGRAVIA DRIVE,New Sale,Strata,377,"10,936",-,Semi-Detached House,1,Freehold,28,Outside Central Region,-
BELGRAVIA ACE,"4,123,000","4,058.03","1,016",Jan-22,BELGRAVIA DRIVE,New Sale,Strata,377,"10,936",-,Semi-Detached House,1,Freehold,28,Outside Central Region,-
ALANA,"3,067,117","3,024.68","1,014",Jan-22,SUNRISE TERRACE,Resale,Strata,281,"10,915",-,Terrace House,1,103 yrs lease commencing from 2013,28,Outside Central Region,-
SPRINGHILL,"1,780,000","2,906.28",612,Jan-22,SEMBAWANG WALK,Resale,Strata,270,"6,593",-,Terrace House,1,99 yrs lease commencing from 2002,27,Outside Central Region,01 to 05
SPRINGHILL,"1,740,000","3,013.92",577,Jan-22,SEMBAWANG WALK,Resale,Strata,280,"6,214",-,Terrace House,1,99 yrs lease commencing from 2002,27,Outside Central Region,01 to 05
BINJAI CREST,"2,320,000","3,175.38",731,Jan-22,JALAN KAMPONG CHANTEK,Resale,Strata,295,"7,864",-,Terrace House,1,99 yrs lease commencing from 1996,21,Rest of Central Region,-
ALANA,"2,904,128","3,056.98",950,Jan-22,SUNRISE TERRACE,Resale,Strata,284,"10,226",-,Terrace House,1,103 yrs lease commencing from 2013,28,Outside Central Region,-
BELGRAVIA VILLAS,"3,440,000","3,584.41",960,Dec-21,BELGRAVIA DRIVE,Resale,Strata,333,"10,330",-,Terrace House,1,Freehold,28,Outside Central Region,-
THE SHAUGHNESSY,"2,230,000","3,283.02",679,Dec-21,MILTONIA CLOSE,Resale,Strata,305,"7,311",-,Terrace House,1,99 yrs lease commencing from 2001,27,Outside Central Region,-
ALANA,"2,560,000","2,755.58",929,Dec-21,SUNRISE TERRACE,Resale,Strata,256,"10,000",-,Terrace House,1,103 yrs lease commencing from 2013,28,Outside Central Region,-
BINJAI CREST,"2,688,000","3,509.06",766,Dec-21,JALAN KAMPONG CHANTEK,Resale,Strata,326,"8,245",-,Terrace House,1,99 yrs lease commencing from 1996,21,Rest of Central Region,-
SPRINGHILL,"1,830,000","2,884.75",634,Dec-21,SEMBAWANG WALK,Resale,Strata,268,"6,828",-,Terrace House,1,99 yrs lease commencing from 2002,27,Outside Central Region,01 to 05
BINJAI CREST,"2,700,000","3,401.42",794,Dec-21,JALAN KAMPONG CHANTEK,Resale,Strata,316,"8,544",-,Terrace House,1,99 yrs lease commencing from 1996,21,Rest of Central Region,-
MONT TIMAH,"3,800,000","4,628.52",821,Dec-21,BUKIT WAY,Resale,Strata,430,"8,837",-,Terrace House,1,99 yrs lease commencing from 2004,21,Outside Central Region,-
POETS VILLAS,"2,560,000","4,219.49",607,Nov-21,TAGORE AVENUE,Resale,Strata,392,"6,531",-,Semi-Detached House,1,99 yrs lease commencing from 2010,26,Outside Central Region,-
POETS VILLAS,"2,310,000","3,412.19",677,Nov-21,TAGORE AVENUE,Resale,Strata,317,"7,287",-,Semi-Detached House,1,99 yrs lease commencing from 2010,26,Outside Central Region,-
ESTE VILLA,"2,800,000","3,412.19",821,Nov-21,NIM ROAD,Resale,Strata,317,"8,833",-,Terrace House,1,Freehold,28,Outside Central Region,-
BELGRAVIA VILLAS,"3,680,000","3,961.15",929,Nov-21,BELGRAVIA DRIVE,Resale,Strata,368,"10,000",-,Semi-Detached House,1,Freehold,28,Outside Central Region,-
PLATINA GARDENS,"2,330,000","3,950.39",590,Nov-21,PLATINA ROAD,Resale,Strata,367,"6,349",-,Terrace House,1,Freehold,27,Outside Central Region,-
ESTE VILLA,"2,700,000","3,390.66",796,Nov-21,NIM ROAD,Resale,Strata,315,"8,571",-,Terrace House,1,Freehold,28,Outside Central Region,-
THE SHAUGHNESSY,"2,050,000","3,713.58",552,Nov-21,MILTONIA CLOSE,Resale,Strata,345,"5,942",-,Terrace House,1,99 yrs lease commencing from 2001,27,Outside Central Region,-
ESTE VILLA,"2,650,000","3,369.13",787,Nov-21,NIM ROAD,Resale,Strata,313,"8,466",-,Terrace House,1,Freehold,28,Outside Central Region,-
THE SHAUGHNESSY,"2,100,000","3,283.02",640,Nov-21,MILTONIA CLOSE,Resale,Strata,305,"6,885",-,Terrace House,1,99 yrs lease commencing from 2001,27,Outside Central Region,-
SUNCOTTAGES,"3,000,000","3,272.26",917,Nov-21,CASHEW CRESCENT,Resale,Strata,304,"9,868",-,Terrace House,1,999 yrs lease commencing from 1883,23,Outside Central Region,-
ALANA,"2,380,000","2,755.58",864,Nov-21,SUNRISE TERRACE,Resale,Strata,256,"9,297",-,Terrace House,1,103 yrs lease commencing from 2013,28,Outside Central Region,-
THE SHAUGHNESSY,"1,730,000","3,519.83",492,Nov-21,MILTONIA CLOSE,Resale,Strata,327,"5,291",-,Terrace House,1,99 yrs lease commencing from 2001,27,Outside Central Region,-
POETS VILLAS,"2,480,000","3,649",680,Nov-21,TAGORE AVENUE,Resale,Strata,339,"7,316",-,Semi-Detached House,1,99 yrs lease commencing from 2010,26,Outside Central Region,-
THE SHAUGHNESSY,"1,980,000","3,509.06",564,Oct-21,MILTONIA CLOSE,Resale,Strata,326,"6,074",-,Terrace House,1,99 yrs lease commencing from 2001,27,Outside Central Region,-
BELGRAVIA VILLAS,"3,750,000","3,961.15",947,Oct-21,BELGRAVIA DRIVE,Resale,Strata,368,"10,190",-,Semi-Detached House,1,Freehold,28,Outside Central Region,-
BINJAI CREST,"2,350,000","3,369.13",698,Oct-21,JALAN KAMPONG CHANTEK,Resale,Strata,313,"7,508",-,Terrace House,1,99 yrs lease commencing from 1996,21,Rest of Central Region,-
ALANA,"2,950,000","3,024.68",975,Oct-21,SUNRISE TERRACE,Resale,Strata,281,"10,498",-,Terrace House,1,103 yrs lease commencing from 2013,28,Outside Central Region,-
SPRINGHILL,"1,700,000","3,175.38",535,Oct-21,SEMBAWANG WALK,Resale,Strata,295,"5,763",-,Terrace House,1,99 yrs lease commencing from 2002,27,Outside Central Region,01 to 05
ALANA,"2,390,000","2,755.58",867,Oct-21,SUNRISE TERRACE,Resale,Strata,256,"9,336",-,Terrace House,1,103 yrs lease commencing from 2013,28,Outside Central Region,-
THE SHAUGHNESSY,"2,103,888","3,283.02",641,Oct-21,MILTONIA CLOSE,Resale,Strata,305,"6,898",-,Terrace House,1,99 yrs lease commencing from 2001,27,Outside Central Region,-
CABANA,"2,088,000","2,917.04",716,Oct-21,SUNRISE TERRACE,Resale,Strata,271,"7,705",-,Terrace House,1,103 yrs lease commencing from 2009,28,Outside Central Region,-
THE WOODS,"2,090,000","4,262.54",490,Oct-21,WESTWOOD AVENUE,Resale,Strata,396,"5,278",-,Terrace House,1,99 yrs lease commencing from 2010,22,Outside Central Region,-
THE HILLOFT,"2,750,000","4,919.15",559,Oct-21,JALAN DERMAWAN,Resale,Strata,457,"6,018",-,Semi-Detached House,1,999 yrs lease commencing from 1885,23,Outside Central Region,-
8 @ STRATTON,"2,858,000","5,112.9",559,Oct-21,STRATTON GREEN,Resale,Strata,475,"6,017",-,Semi-Detached House,1,Freehold,28,Outside Central Region,-
THE WOODS,"2,102,000","4,004.21",525,Sep-21,WESTWOOD AVENUE,Resale,Strata,372,"5,651",-,Terrace House,1,99 yrs lease commencing from 2010,22,Outside Central Region,-
BINJAI CREST,"2,500,000","3,778.16",662,Sep-21,JALAN KAMPONG CHANTEK,Resale,Strata,351,"7,123",-,Terrace House,1,99 yrs lease commencing from 1996,21,Rest of Central Region,-
ATELIER VILLAS,"2,400,000","3,132.32",766,Sep-21,YIO CHU KANG DRIVE,Resale,Strata,291,"8,247",-,Terrace House,1,Freehold,26,Outside Central Region,-
THE WOODS,"1,838,000","4,004.21",459,Sep-21,WESTWOOD AVENUE,Resale,Strata,372,"4,941",-,Terrace House,1,99 yrs lease commencing from 2010,22,Outside Central Region,-
BELGRAVIA VILLAS,"3,198,000","3,584.41",892,Sep-21,BELGRAVIA DRIVE,Resale,Strata,333,"9,604",-,Terrace House,1,Freehold,28,Outside Central Region,-
ALANA,"2,378,300","2,755.58",863,Sep-21,SUNRISE TERRACE,Resale,Strata,256,"9,290",-,Terrace House,1,103 yrs lease commencing from 2013,28,Outside Central Region,-
THE HILLOFT,"2,680,000","5,791.03",463,Sep-21,JALAN DERMAWAN,Resale,Strata,538,"4,981",-,Semi-Detached House,1,999 yrs lease commencing from 1885,23,Outside Central Region,-
RADIANCE @ BUKIT TIMAH,"3,300,000","4,068.79",811,Sep-21,YUK TONG AVENUE,Resale,Strata,378,"8,730",-,Terrace House,1,Freehold,21,Rest of Central Region,-
ALANA,"2,360,000","2,755.58",856,Sep-21,SUNRISE TERRACE,Resale,Strata,256,"9,219",-,Terrace House,1,103 yrs lease commencing from 2013,28,Outside Central Region,-
POETS VILLAS,"2,260,000","3,412.19",662,Sep-21,TAGORE AVENUE,Resale,Strata,317,"7,129",-,Semi-Detached House,1,99 yrs lease commencing from 2010,26,Outside Central Region,-
ESTE VILLA,"2,400,000","3,422.95",701,Sep-21,NIM ROAD,Resale,Strata,318,"7,547",-,Terrace House,1,Freehold,28,Outside Central Region,-
THE WOODS,"1,950,000","4,004.21",487,Aug-21,WESTWOOD AVENUE,Resale,Strata,372,"5,242",-,Terrace House,1,99 yrs lease commencing from 2010,22,Outside Central Region,-
THE SHAUGHNESSY,"1,820,000","3,304.55",551,Aug-21,MILTONIA CLOSE,Resale,Strata,307,"5,928",-,Terrace House,1,99 yrs lease commencing from 2001,27,Outside Central Region,-
BINJAI CREST,"2,170,000","3,369.13",644,Aug-21,JALAN KAMPONG CHANTEK,Resale,Strata,313,"6,933",-,Terrace House,1,99 yrs lease commencing from 1996,21,Rest of Central Region,-
THE HILLOFT,"2,600,000","4,919.15",529,Aug-21,JALAN DERMAWAN,Resale,Strata,457,"5,689",-,Semi-Detached House,1,999 yrs lease commencing from 1885,23,Outside Central Region,-
SUNCOTTAGES,"2,710,000","2,777.11",976,Aug-21,CASHEW CRESCENT,Resale,Strata,258,"10,504",-,Terrace House,1,999 yrs lease commencing from 1883,23,Outside Central Region,-
CABANA,"2,088,000","2,917.04",716,Aug-21,SUNRISE TERRACE,Resale,Strata,271,"7,705",-,Terrace House,1,103 yrs lease commencing from 2009,28,Outside Central Region,-
BELGRAVIA VILLAS,"3,600,000","3,961.15",909,Aug-21,BELGRAVIA DRIVE,Resale,Strata,368,"9,783",-,Semi-Detached House,1,Freehold,28,Outside Central Region,-
THE SHAUGHNESSY,"1,750,000","3,304.55",530,Aug-21,MILTONIA CLOSE,Resale,Strata,307,"5,700",-,Terrace House,1,99 yrs lease commencing from 2001,27,Outside Central Region,-
BELGRAVIA VILLAS,"3,180,000","3,702.82",859,Aug-21,BELGRAVIA DRIVE,Resale,Strata,344,"9,244",-,Terrace House,1,Freehold,28,Outside Central Region,-
ESTE VILLA,"2,650,000","3,422.95",774,Aug-21,NIM ROAD,Resale,Strata,318,"8,333",-,Terrace House,1,Freehold,28,Outside Central Region,-
BELGRAVIA VILLAS,"3,620,000","3,961.15",914,Jul-21,BELGRAVIA DRIVE,Resale,Strata,368,"9,837",-,Semi-Detached House,1,Freehold,28,Outside Central Region,-
POETS VILLAS,"1,918,000","3,164.62",606,Jul-21,TAGORE AVENUE,Resale,Strata,294,"6,524",-,Semi-Detached House,1,99 yrs lease commencing from 2010,26,Outside Central Region,-
THE SHAUGHNESSY,"1,800,000","3,283.02",548,Jul-21,MILTONIA CLOSE,Resale,Strata,305,"5,902",-,Terrace House,1,99 yrs lease commencing from 2001,27,Outside Central Region,-
THE SHAUGHNESSY,"1,818,000","3,283.02",554,Jul-21,MILTONIA CLOSE,Resale,Strata,305,"5,961",-,Terrace House,1,99 yrs lease commencing from 2001,27,Outside Central Region,-
THE SHAUGHNESSY,"1,800,000","3,412.19",528,Jul-21,MILTONIA CLOSE,Resale,Strata,317,"5,678",-,Terrace House,1,99 yrs lease commencing from 2001,27,Outside Central Region,-
ALANA,"2,478,340","2,755.58",899,Jul-21,SUNRISE TERRACE,Resale,Strata,256,"9,681",-,Terrace House,1,103 yrs lease commencing from 2013,28,Outside Central Region,-
THE SHAUGHNESSY,"1,750,000","3,283.02",533,Jul-21,MILTONIA CLOSE,Resale,Strata,305,"5,738",-,Terrace House,1,99 yrs lease commencing from 2001,27,Outside Central Region,-
THE WOODS,"1,950,000","4,014.97",486,Jul-21,WESTWOOD AVENUE,Resale,Strata,373,"5,228",-,Terrace House,1,99 yrs lease commencing from 2010,22,Outside Central Region,-
POETS VILLAS,"2,318,000","3,649",635,Jul-21,TAGORE AVENUE,Resale,Strata,339,"6,838",-,Semi-Detached House,1,99 yrs lease commencing from 2010,26,Outside Central Region,-
THE HILLOFT,"2,950,000","6,770.56",436,Jul-21,JALAN DERMAWAN,Resale,Strata,629,"4,690",-,Detached House,1,999 yrs lease commencing from 1885,23,Outside Central Region,-
THE SHAUGHNESSY,"1,830,000","3,304.55",554,Jul-21,MILTONIA CLOSE,Resale,Strata,307,"5,961",-,Terrace House,1,99 yrs lease commencing from 2001,27,Outside Central Region,-
MIMOSA PARK,"2,368,000","2,906.28",815,Jul-21,MIMOSA ROAD,Resale,Strata,270,"8,770",-,Terrace House,1,Freehold,28,Outside Central Region,-
BINJAI CREST,"2,600,000","3,778.16",688,Jul-21,JALAN KAMPONG CHANTEK,Resale,Strata,351,"7,407",-,Terrace House,1,99 yrs lease commencing from 1996,21,Rest of Central Region,-
MONT TIMAH,"3,675,000","4,693.1",783,Jul-21,BUKIT WAY,Resale,Strata,436,"8,429",-,Terrace House,1,99 yrs lease commencing from 2004,21,Outside Central Region,-
THE SHAUGHNESSY,"1,800,000","3,304.55",545,Jul-21,MILTONIA CLOSE,Resale,Strata,307,"5,863",-,Terrace House,1,99 yrs lease commencing from 2001,27,Outside Central Region,-
ALANA,"2,570,000","2,755.58",933,Jul-21,SUNRISE TERRACE,Resale,Strata,256,"10,039",-,Terrace House,1,103 yrs lease commencing from 2013,28,Outside Central Region,-
D' KENARIS,"2,350,000","3,293.78",713,Jun-21,JALAN KENARAH,Resale,Strata,306,"7,680",-,Semi-Detached House,1,999 yrs lease commencing from 1879,28,Outside Central Region,-
POETS VILLAS,"2,150,000","3,498.3",615,Jun-21,TAGORE AVENUE,Resale,Strata,325,"6,615",-,Semi-Detached House,1,99 yrs lease commencing from 2010,26,Outside Central Region,-
THE WOODS,"1,900,000","4,251.78",447,Jun-21,WESTWOOD AVENUE,Resale,Strata,395,"4,810",-,Terrace House,1,99 yrs lease commencing from 2010,22,Outside Central Region,-
ALANA,"2,475,000","2,755.58",898,Jun-21,SUNRISE TERRACE,Resale,Strata,256,"9,668",-,Terrace House,1,103 yrs lease commencing from 2013,28,Outside Central Region,-
BINJAI CREST,"2,420,000","3,369.13",718,Jun-21,JALAN KAMPONG CHANTEK,Resale,Strata,313,"7,732",-,Terrace House,1,99 yrs lease commencing from 1996,21,Rest of Central Region,-
WATERCOVE,"2,700,000","3,466.01",779,Jun-21,WAK HASSAN DRIVE,Sub Sale,Strata,322,"8,385",-,Terrace House,1,Freehold,27,Outside Central Region,-
MONT TIMAH,"3,710,000","4,628.52",802,Jun-21,BUKIT WAY,Resale,Strata,430,"8,628",-,Terrace House,1,99 yrs lease commencing from 2004,21,Outside Central Region,-
POETS VILLAS,"2,030,000","3,498.3",580,Jun-21,TAGORE AVENUE,Resale,Strata,325,"6,246",-,Semi-Detached House,1,99 yrs lease commencing from 2010,26,Outside Central Region,-
ESTE VILLA,"2,550,000","3,422.95",745,May-21,NIM ROAD,Resale,Strata,318,"8,019",-,Terrace House,1,Freehold,28,Outside Central Region,-
MONT TIMAH,"3,828,000","4,962.2",771,May-21,BUKIT WAY,Resale,Strata,461,"8,304",-,Terrace House,1,99 yrs lease commencing from 2004,21,Outside Central Region,-
ESTE VILLA,"3,100,000","3,971.92",780,May-21,NIM ROAD,Resale,Strata,369,"8,401",-,Terrace House,1,Freehold,28,Outside Central Region,-
BINJAI CREST,"2,400,000","3,369.13",712,May-21,JALAN KAMPONG CHANTEK,Resale,Strata,313,"7,668",-,Terrace House,1,99 yrs lease commencing from 1996,21,Rest of Central Region,-
THE GARDENS AT GERALD,"2,370,000","3,369.13",703,May-21,GERALD DRIVE,Resale,Strata,313,"7,572",-,Terrace House,1,999 yrs lease commencing from 1879,28,Outside Central Region,-
RIVERTREES RESIDENCES,"1,750,000","1,528.49","1,145",May-21,FERNVALE CLOSE,Resale,Strata,142,"12,324",-,Terrace House,1,99 yrs lease commencing from 2013,28,Outside Central Region,-
BELGRAVIA VILLAS,"3,190,000","3,584.41",890,May-21,BELGRAVIA DRIVE,Resale,Strata,333,"9,580",-,Terrace House,1,Freehold,28,Outside Central Region,-
CABANA,"2,000,000","2,917.04",686,May-21,SUNRISE TERRACE,Resale,Strata,271,"7,380",-,Terrace House,1,103 yrs lease commencing from 2009,28,Outside Central Region,-
BINJAI CREST,"2,310,000","3,444.48",671,May-21,JALAN KAMPONG CHANTEK,Resale,Strata,320,"7,219",-,Terrace House,1,99 yrs lease commencing from 1996,21,Rest of Central Region,-
BINJAI CREST,"2,450,000","3,778.16",648,May-21,JALAN KAMPONG CHANTEK,Resale,Strata,351,"6,980",-,Terrace House,1,99 yrs lease commencing from 1996,21,Rest of Central Region,-
CHESTNUT RESIDENCES,"2,650,000","3,509.06",755,Apr-21,JALAN EMAS URAI,Resale,Strata,326,"8,129",-,Terrace House,1,999 yrs lease commencing from 1882,23,Outside Central Region,-
THE SHAUGHNESSY,"1,768,000","3,283.02",539,Apr-21,MILTONIA CLOSE,Resale,Strata,305,"5,797",-,Terrace House,1,99 yrs lease commencing from 2001,27,Outside Central Region,-
SUNCOTTAGES,"2,850,000","3,272.26",871,Apr-21,CASHEW CRESCENT,Resale,Strata,304,"9,375",-,Terrace House,1,999 yrs lease commencing from 1883,23,Outside Central Region,-
BELGRAVIA VILLAS,"3,300,000","3,767.4",876,Apr-21,BELGRAVIA DRIVE,Resale,Strata,350,"9,429",-,Terrace House,1,Freehold,28,Outside Central Region,-
BINJAI CREST,"2,010,000","2,981.63",674,Apr-21,JALAN KAMPONG CHANTEK,Resale,Strata,277,"7,256",-,Terrace House,1,99 yrs lease commencing from 1996,21,Rest of Central Region,-
BINJAI CREST,"2,338,880","3,778.16",619,Apr-21,JALAN KAMPONG CHANTEK,Resale,Strata,351,"6,663",-,Terrace House,1,99 yrs lease commencing from 1996,21,Rest of Central Region,-
CABANA,"1,900,888","2,917.04",652,Apr-21,SUNRISE TERRACE,Resale,Strata,271,"7,014",-,Terrace House,1,103 yrs lease commencing from 2009,28,Outside Central Region,-
WATERCOVE,"2,780,000","3,466.01",802,Apr-21,WAK HASSAN DRIVE,Sub Sale,Strata,322,"8,634",-,Terrace House,1,Freehold,27,Outside Central Region,-
ESTE VILLA,"2,520,000","3,369.13",748,Apr-21,NIM ROAD,Resale,Strata,313,"8,051",-,Terrace House,1,Freehold,28,Outside Central Region,-
CABANA,"1,880,000","2,938.57",640,Apr-21,SUNRISE TERRACE,Resale,Strata,273,"6,886",-,Terrace House,1,103 yrs lease commencing from 2009,28,Outside Central Region,-
WATERCOVE,"2,800,000","3,466.01",808,Apr-21,WAK HASSAN DRIVE,Sub Sale,Strata,322,"8,696",-,Terrace House,1,Freehold,27,Outside Central Region,-
THE GARDENS AT GERALD,"2,280,000","3,336.84",683,Apr-21,GERALD DRIVE,Resale,Strata,310,"7,355",-,Terrace House,1,999 yrs lease commencing from 1879,28,Outside Central Region,-
THE SHAUGHNESSY,"1,728,000","3,455.24",500,Apr-21,MILTONIA CLOSE,Resale,Strata,321,"5,383",-,Terrace House,1,99 yrs lease commencing from 2001,27,Outside Central Region,-
THE SHAUGHNESSY,"1,730,000","3,509.06",493,Apr-21,MILTONIA CLOSE,Resale,Strata,326,"5,307",-,Terrace House,1,99 yrs lease commencing from 2001,27,Outside Central Region,-
MONT TIMAH,"3,900,000","4,757.69",820,Apr-21,BUKIT WAY,Resale,Strata,442,"8,824",-,Terrace House,1,99 yrs lease commencing from 2004,21,Outside Central Region,-
BINJAI CREST,"2,185,000","3,035.45",720,Apr-21,JALAN KAMPONG CHANTEK,Resale,Strata,282,"7,748",-,Terrace House,1,99 yrs lease commencing from 1996,21,Rest of Central Region,-
POETS VILLAS,"2,150,000","3,649",589,Apr-21,TAGORE AVENUE,Resale,Strata,339,"6,342",-,Semi-Detached House,1,99 yrs lease commencing from 2010,26,Outside Central Region,-
BELGRAVIA VILLAS,"3,020,000","3,584.41",843,Apr-21,BELGRAVIA DRIVE,Resale,Strata,333,"9,069",-,Terrace House,1,Freehold,28,Outside Central Region,-
THE SHAUGHNESSY,"1,750,000","3,283.02",533,Apr-21,MILTONIA CLOSE,Resale,Strata,305,"5,738",-,Terrace House,1,99 yrs lease commencing from 2001,27,Outside Central Region,-
ALANA,"2,698,888","3,078.5",877,Apr-21,SUNRISE TERRACE,Resale,Strata,286,"9,437",-,Terrace House,1,103 yrs lease commencing from 2013,28,Outside Central Region,-
POETS VILLAS,"2,088,888","3,153.85",662,Mar-21,TAGORE AVENUE,Resale,Strata,293,"7,129",-,Semi-Detached House,1,99 yrs lease commencing from 2010,26,Outside Central Region,-
ALANA,"2,618,000","3,078.5",850,Mar-21,SUNRISE TERRACE,Resale,Strata,286,"9,154",-,Terrace House,1,103 yrs lease commencing from 2013,28,Outside Central Region,-
HONG KONG PARK,"3,200,000","4,230.25",756,Mar-21,HUA GUAN AVENUE,Resale,Strata,393,"8,142",-,Detached House,1,999 yrs lease commencing from 1879,21,Rest of Central Region,-
POETS VILLAS,"1,918,888","3,304.55",581,Mar-21,TAGORE AVENUE,Resale,Strata,307,"6,250",-,Semi-Detached House,1,99 yrs lease commencing from 2010,26,Outside Central Region,-
MONT TIMAH,"3,650,000","4,628.52",789,Mar-21,BUKIT WAY,Resale,Strata,430,"8,488",-,Terrace House,1,99 yrs lease commencing from 2004,21,Outside Central Region,-
THE HILLOFT,"2,600,000","4,919.15",529,Mar-21,JALAN DERMAWAN,Resale,Strata,457,"5,689",-,Semi-Detached House,1,999 yrs lease commencing from 1885,23,Outside Central Region,-
BINJAI CREST,"2,215,000","3,369.13",657,Mar-21,JALAN KAMPONG CHANTEK,Resale,Strata,313,"7,077",-,Terrace House,1,99 yrs lease commencing from 1996,21,Rest of Central Region,-
ESTE VILLA,"2,863,700","4,090.32",700,Feb-21,NIM ROAD,Resale,Strata,380,"7,536",-,Terrace House,1,Freehold,28,Outside Central Region,-
8 @ STRATTON,"2,683,000","5,112.9",525,Feb-21,STRATTON GREEN,Resale,Strata,475,"5,648",-,Semi-Detached House,1,Freehold,28,Outside Central Region,-
SPRINGLEAF VILLAS,"2,180,000","3,573.65",610,Feb-21,SPRINGLEAF CRESCENT,Resale,Strata,332,"6,566",-,Semi-Detached House,1,Freehold,26,Outside Central Region,-
CABANA,"1,800,000","2,917.04",617,Feb-21,SUNRISE TERRACE,Resale,Strata,271,"6,642",-,Terrace House,1,103 yrs lease commencing from 2009,28,Outside Central Region,-
SPRINGHILL,"1,560,000","3,013.92",518,Feb-21,SEMBAWANG WALK,Resale,Strata,280,"5,571",-,Terrace House,1,99 yrs lease commencing from 2002,27,Outside Central Region,01 to 05
CABANA,"1,888,000","2,917.04",647,Feb-21,SUNRISE TERRACE,Resale,Strata,271,"6,967",-,Terrace House,1,103 yrs lease commencing from 2009,28,Outside Central Region,-
ALANA,"2,300,000","2,755.58",835,Feb-21,SUNRISE TERRACE,Resale,Strata,256,"8,984",-,Terrace House,1,103 yrs lease commencing from 2013,28,Outside Central Region,-
BINJAI CREST,"2,500,000","4,133.38",605,Feb-21,JALAN KAMPONG CHANTEK,Resale,Strata,384,"6,510",-,Terrace House,1,99 yrs lease commencing from 1996,21,Rest of Central Region,-
CABANA,"1,850,000","2,917.04",634,Feb-21,SUNRISE TERRACE,Resale,Strata,271,"6,827",-,Terrace House,1,103 yrs lease commencing from 2009,28,Outside Central Region,-
CHESTNUT RESIDENCES,"2,750,000","3,799.69",724,Feb-21,JALAN EMAS URAI,Resale,Strata,353,"7,790",-,Semi-Detached House,1,999 yrs lease commencing from 1882,23,Outside Central Region,-
POETS VILLAS,"1,988,888","3,250.73",612,Jan-21,TAGORE AVENUE,Resale,Strata,302,"6,586",-,Semi-Detached House,1,99 yrs lease commencing from 2010,26,Outside Central Region,-
HONG KONG PARK,"3,300,000","4,811.51",686,Jan-21,HUA GUAN AVENUE,Resale,Strata,447,"7,383",-,Detached House,1,999 yrs lease commencing from 1879,21,Rest of Central Region,-
CABANA,"1,850,000","2,917.04",634,Jan-21,SUNRISE TERRACE,Resale,Strata,271,"6,827",-,Terrace House,1,103 yrs lease commencing from 2009,28,Outside Central Region,-
THE WOODS,"2,300,000","4,456.3",516,Jan-21,WESTWOOD AVENUE,Resale,Strata,414,"5,556",-,Semi-Detached House,1,99 yrs lease commencing from 2010,22,Outside Central Region,-
DALLA VALE,"2,215,000","3,207.67",691,Jan-21,SPRINGLEAF AVENUE,Resale,Strata,298,"7,433",-,Semi-Detached House,1,Freehold,26,Outside Central Region,-
CABANA,"1,900,888","2,917.04",652,Jan-21,SUNRISE TERRACE,Resale,Strata,271,"7,014",-,Terrace House,1,103 yrs lease commencing from 2009,28,Outside Central Region,-
ESTE VILLA,"2,750,000","3,756.64",732,Jan-21,NIM ROAD,Resale,Strata,349,"7,880",-,Terrace House,1,Freehold,28,Outside Central Region,-
THE GARDENS AT GERALD,"2,160,000","3,315.31",652,Jan-21,GERALD DRIVE,Resale,Strata,308,"7,013",-,Terrace House,1,999 yrs lease commencing from 1879,28,Outside Central Region,-
DALLA VALE,"2,200,000","3,261.49",675,Jan-21,SPRINGLEAF AVENUE,Resale,Strata,303,"7,261",-,Semi-Detached House,1,Freehold,26,Outside Central Region,-
ATELIER VILLAS,"2,188,800","3,239.96",676,Jan-21,YIO CHU KANG DRIVE,Resale,Strata,301,"7,272",-,Terrace House,1,Freehold,26,Outside Central Region,-
THE GARDENS AT GERALD,"2,050,000","3,336.84",614,Jan-21,GERALD DRIVE,Resale,Strata,310,"6,613",-,Terrace House,1,999 yrs lease commencing from 1879,28,Outside Central Region,-
THE HILLOFT,"2,540,000","5,252.83",484,Dec-20,JALAN DERMAWAN,Resale,Strata,488,"5,205",-,Semi-Detached House,1,999 yrs lease commencing from 1885,23,Outside Central Region,-
THE SHAUGHNESSY,"1,660,000","3,283.02",506,Dec-20,MILTONIA CLOSE,Resale,Strata,305,"5,443",-,Terrace House,1,99 yrs lease commencing from 2001,27,Outside Central Region,-
THE SHAUGHNESSY,"1,770,000","3,681.29",481,Dec-20,MILTONIA CLOSE,Resale,Strata,342,"5,175",-,Terrace House,1,99 yrs lease commencing from 2001,27,Outside Central Region,-
THE SHAUGHNESSY,"1,600,000","3,283.02",487,Dec-20,MILTONIA CLOSE,Resale,Strata,305,"5,246",-,Terrace House,1,99 yrs lease commencing from 2001,27,Outside Central Region,-
ESTE VILLA,"2,400,000","3,422.95",701,Dec-20,NIM ROAD,Resale,Strata,318,"7,547",-,Terrace House,1,Freehold,28,Outside Central Region,-
BELGRAVIA VILLAS,"3,138,888","3,702.82",848,Dec-20,BELGRAVIA DRIVE,Resale,Strata,344,"9,125",-,Terrace House,1,Freehold,28,Outside Central Region,-
ESTE VILLA,"2,290,000","3,358.37",682,Dec-20,NIM ROAD,Resale,Strata,312,"7,340",-,Terrace House,1,Freehold,28,Outside Central Region,-
PLATINA GARDENS,"1,936,800","4,122.61",470,Dec-20,PLATINA ROAD,Resale,Strata,383,"5,057",-,Terrace House,1,Freehold,27,Outside Central Region,-
THE WOODS,"1,860,000","4,154.9",448,Dec-20,WESTWOOD AVENUE,Resale,Strata,386,"4,819",-,Terrace House,1,99 yrs lease commencing from 2010,22,Outside Central Region,-
CABANA,"1,990,000","3,336.84",596,Dec-20,SUNRISE TERRACE,Resale,Strata,310,"6,419",-,Terrace House,1,103 yrs lease commencing from 2009,28,Outside Central Region,-
THE SHAUGHNESSY,"1,590,000","3,283.02",484,Dec-20,MILTONIA CLOSE,Resale,Strata,305,"5,213",-,Terrace House,1,99 yrs lease commencing from 2001,27,Outside Central Region,-
RADIANCE @ BUKIT TIMAH,"3,050,000","4,068.79",750,Dec-20,YUK TONG AVENUE,Resale,Strata,378,"8,069",-,Terrace House,1,Freehold,21,Rest of Central Region,-
CABANA,"1,830,000","2,917.04",627,Dec-20,SUNRISE TERRACE,Resale,Strata,271,"6,753",-,Terrace House,1,103 yrs lease commencing from 2009,28,Outside Central Region,-
THE SHAUGHNESSY,"1,660,000","3,283.02",506,Nov-20,MILTONIA CLOSE,Resale,Strata,305,"5,443",-,Terrace House,1,99 yrs lease commencing from 2001,27,Outside Central Region,-
SPRINGHILL,"1,450,000","2,906.28",499,Nov-20,SEMBAWANG WALK,Resale,Strata,270,"5,370",-,Terrace House,1,99 yrs lease commencing from 2002,27,Outside Central Region,01 to 05
SUMMER VILLAS,"2,265,000","3,552.12",638,Nov-20,GERALD DRIVE,Resale,Strata,330,"6,864",-,Terrace House,1,Freehold,28,Outside Central Region,01 to 05
BELGRAVIA GREEN,"3,173,190","3,595.18",883,Nov-20,BELGRAVIA DRIVE,New Sale,Strata,334,"9,501",-,Terrace House,1,Freehold,28,Outside Central Region,-
CABANA,"1,865,000","2,917.04",639,Nov-20,SUNRISE TERRACE,Resale,Strata,271,"6,882",-,Terrace House,1,103 yrs lease commencing from 2009,28,Outside Central Region,-
THE SHAUGHNESSY,"1,580,000","3,476.77",454,Nov-20,MILTONIA CLOSE,Resale,Strata,323,"4,892",-,Terrace House,1,99 yrs lease commencing from 2001,27,Outside Central Region,-
ESTE VILLA,"2,640,000","3,896.57",678,Nov-20,NIM ROAD,Resale,Strata,362,"7,293",-,Terrace House,1,Freehold,28,Outside Central Region,-
CABANA,"1,750,000","2,938.57",596,Oct-20,SUNRISE TERRACE,Resale,Strata,273,"6,410",-,Terrace House,1,103 yrs lease commencing from 2009,28,Outside Central Region,-
THE SHAUGHNESSY,"1,700,000","3,745.87",454,Oct-20,MILTONIA CLOSE,Resale,Strata,348,"4,885",-,Terrace House,1,99 yrs lease commencing from 2001,27,Outside Central Region,-
THE SHAUGHNESSY,"1,730,000","3,304.55",524,Oct-20,MILTONIA CLOSE,Resale,Strata,307,"5,635",-,Terrace House,1,99 yrs lease commencing from 2001,27,Outside Central Region,-
CABANA,"1,900,000","3,164.62",600,Oct-20,SUNRISE TERRACE,Resale,Strata,294,"6,463",-,Terrace House,1,103 yrs lease commencing from 2009,28,Outside Central Region,-
SPRINGHILL,"1,543,800","3,013.92",512,Oct-20,SEMBAWANG WALK,Resale,Strata,280,"5,514",-,Terrace House,1,99 yrs lease commencing from 2002,27,Outside Central Region,01 to 05
THE HILLOFT,"2,520,000","5,199.01",485,Oct-20,JALAN DERMAWAN,Resale,Strata,483,"5,217",-,Semi-Detached House,1,999 yrs lease commencing from 1885,23,Outside Central Region,-
THE WOODS,"1,786,000","4,004.21",446,Oct-20,WESTWOOD AVENUE,Resale,Strata,372,"4,801",-,Terrace House,1,99 yrs lease commencing from 2010,22,Outside Central Region,-
THE WOODS,"1,738,000","4,004.21",434,Oct-20,WESTWOOD AVENUE,Resale,Strata,372,"4,672",-,Terrace House,1,99 yrs lease commencing from 2010,22,Outside Central Region,-
CABANA,"1,790,000","3,067.74",583,Oct-20,SUNRISE TERRACE,Resale,Strata,285,"6,281",-,Terrace House,1,103 yrs lease commencing from 2009,28,Outside Central Region,-
THE SHAUGHNESSY,"1,650,000","3,315.31",498,Oct-20,MILTONIA CLOSE,Resale,Strata,308,"5,357",-,Terrace House,1,99 yrs lease commencing from 2001,27,Outside Central Region,-
SPRINGHILL,"1,548,000","2,960.1",523,Oct-20,SEMBAWANG WALK,Resale,Strata,275,"5,629",-,Terrace House,1,99 yrs lease commencing from 2002,27,Outside Central Region,01 to 05
THE SHAUGHNESSY,"1,455,000","3,304.55",440,Oct-20,MILTONIA CLOSE,Resale,Strata,307,"4,739",-,Terrace House,1,99 yrs lease commencing from 2001,27,Outside Central Region,-
BINJAI CREST,"2,038,000","3,358.37",607,Oct-20,JALAN KAMPONG CHANTEK,Resale,Strata,312,"6,532",-,Terrace House,1,99 yrs lease commencing from 1996,21,Rest of Central Region,-
THE WOODS,"1,800,000","4,208.72",428,Oct-20,WESTWOOD AVENUE,Resale,Strata,391,"4,604",-,Terrace House,1,99 yrs lease commencing from 2010,22,Outside Central Region,-
SPRINGHILL,"1,440,000","3,013.92",478,Oct-20,SEMBAWANG WALK,Resale,Strata,280,"5,143",-,Terrace House,1,99 yrs lease commencing from 2002,27,Outside Central Region,01 to 05
THE SHAUGHNESSY,"1,680,000","3,552.12",473,Oct-20,MILTONIA CLOSE,Resale,Strata,330,"5,091",-,Terrace House,1,99 yrs lease commencing from 2001,27,Outside Central Region,-
WOODHAVEN,"2,600,000","3,358.37",774,Oct-20,WOODGROVE AVENUE,Resale,Strata,312,"8,333",-,Terrace House,1,99 yrs lease commencing from 2011,25,Outside Central Region,-
SPRINGHILL,"1,560,000","2,906.28",537,Oct-20,SEMBAWANG WALK,Resale,Strata,270,"5,778",-,Terrace House,1,99 yrs lease commencing from 2002,27,Outside Central Region,01 to 05
SPRINGHILL,"1,503,888","3,013.92",499,Oct-20,SEMBAWANG WALK,Resale,Strata,280,"5,371",-,Terrace House,1,99 yrs lease commencing from 2002,27,Outside Central Region,01 to 05
ESTE VILLA,"2,700,000","3,767.4",717,Sep-20,NIM ROAD,Resale,Strata,350,"7,714",-,Terrace House,1,Freehold,28,Outside Central Region,-
